word,ko,zh_Hans,etym_zh_Hans,pron,ant,syn
unrivaled,"경쟁자[상대]가 없는, 무적의, 무쌍의, 비할 데 없는",无敌的;无双的,,/ˌənˈrīvəld/,,
serendipity,뜻밖의 재미[기쁨],（偶然发现有趣或珍贵之物的）机缘，幸运,,/ˌsɛr(ə)nˈdɪpɪti/,,
cursive,필기체인,草书的；连笔的,,/ˈkəːsɪv/,,
exhume,(특히 검시를 위해 시체를) 파내다[발굴하다],（从坟墓中）掘出（尸体）,,/ɛksˈ(h)juːm/,,
talisman,(행운을 가져다준다고 여겨지는) 부적(符籍),护身符；避邪物,,/ˈtalɪzmən/,,
inane,어리석은; 무의미한,极其愚蠢的；无意义的；无聊的,,/ɪˈneɪn/,,
concentric,"중심이 같은, 동심원의",（指圆）同心的,,/kənˈsɛntrɪk/,,
abatement,"감소, 감퇴; 경감, 완화; (가격·세 등의) 경감액",减弱;减轻;减少,,/əˈbeɪtm(ə)nt/,,
anathema,"절대 반대(하는 것), 아주 싫은 것",令人讨厌的事物,,/əˈnaθəmə/,,
acclaim,"칭송하다, 환호를 보내다",（公开的）称誉；赞赏；欢迎,,/əˈkleɪm/,,
flagrant,"노골적인, 명백한",骇人听闻的；公然的；罪恶昭彰的,,/ˈfleɪɡr(ə)nt/,,
chicanery,교묘한 속임수,诡辩；诡计；欺诈,,/ʃɪˈkeɪnəri/,,
depraved,(도덕적으로) 타락한[부패한],道德败坏的，堕落的，恶毒的,,/dɪˈpreɪvd/,,
hike,(가격경비 등의) 대폭 인상[급등],(价格、花费等的)大幅度提高，猛增；把(价格、税率等)大幅提高,,/hʌɪk/,,
distaste,"불쾌감, 혐오감",厌恶，讨厌，不喜欢,,/dɪsˈteɪst/,,
peruse,숙독[정독]하다,随便翻阅；浏览,,/pəˈruːz/,,
fusillade,연속 사격; 빗발치는 것,（子弹的）齐射，连发,,/ˌfjuːzɪˈleɪd/,,
riposte,(특히 비판에 대한 기지 있는) 응수[반격],机敏的回答；巧妙的应对,,/rɪˈpɒst/,,
conjecture,추측(한 내용),推测；猜测；猜想；臆断,,/kənˈdʒɛktʃə/,,
mercurial,변덕스러운,多变的，反覆无常的,,/məːˈkjʊərɪəl/,,
acumen,(일에 대한) 감각,敏锐；精明,,/ˈakjʊmən/,,
fallacy,(많은 사람들이 옳다고 믿는) 틀린 생각,谬见，谬论，谬误,,/ˈfaləsi/,,
intransigent,"고집스러운, 비협조적인",固执的，不妥协的，不让步的,,/ɪnˈtransɪdʒ(ə)nt/,,
ludicrous,터무니없는,愚蠢可笑的；荒谬的,,/ˈl(j)uːdɪkrəs/,,
articulate,(생각감정을) 분명히 표현하다[설명하다],能表达清楚的，善于表达的；口齿伶俐的，有口才的,,/ɑːˈtɪkjʊlət/,,
incursion,급습,（尤指跨越边境的）侵入，侵犯,,/ɪnˈkəːʃ(ə)n/,,
vindictive,"앙심을 품은, 보복을 하려는",想复仇的；报复性的；怀恨在心的,,/vɪnˈdɪktɪv/,,
perfunctory,형식[의무/습관]적인,草率的；马虎的；敷衍的,,/pəˈfʌŋ(k)t(ə)ri/,,
allegory,"우화, 풍자",寓言；讽喻,,/ˈalɪɡ(ə)ri/,,
fiduciary,(자산) 신탁의,信托的；信用的,,/fɪˈdjuːʃ(ə)ri/,,
rebuke,"힐책[질책]하다, 꾸짖다",斥责；指责；训斥,,/rɪˈbjuːk/,,
sardonic,"가소롭다는 듯한, 냉소적인, 조소하는",讥讽的，冷嘲的，轻蔑的,,/sɑːˈdɒnɪk/,,
agitate,(특히 법적·사회적 사항 등의 변경을 강력히) 주장하다[요구하다],使焦虑；使躁动不安,,/ˈadʒɪteɪt/,,
platitude,진부한 이야기[의견],陈腔滥调；老生常谈,,/ˈplatɪtjuːd/,,
rue,후회하다,对…感到懊悔；对…感到后悔；因为…感到遗憾,,/ruː/,,
feigned,"거짓의, 허위의; 꾸민",假装，装作，佯装(有某种感觉或生病、疲倦等),,/feɪnd/,,
dilettante,"딜레탕트, 호사가",一知半解者；半吊子；业余爱好者,,/ˌdɪlɪˈtanteɪ/,,
lackadaisical,"부주의한, 태만한",无精打采的，萎靡不振的，不热心的,,/ˌlakəˈdeɪzɪk(ə)l/,,
forfend,"막다, 방지하다",防止;阻止;挡住;挡开,,/fɔːˈfɛnd/,,
deficient,(필수적인 것이) 부족한[결핍된],缺乏的，缺少的,,/dɪˈfɪʃ(ə)nt/,,
novitiate,수사[수녀] 수련 기간,(修士或修女的)初学期,,/nə(ʊ)ˈvɪʃɪət/,,
hemistich,"(고대 영시의) 반행(半行), 불완전행(行)",半行;半行诗;诗的半句;不完全的诗行,,/ˈhɛmɪstɪk/,,
ancillary,보조적인,辅助的，补充的；附属的，附加的,,/anˈsɪləri/,,
refuge,"피난(처), 피신(처), 도피(처)",避难（所）；庇护（所）；慰藉,,/ˈrɛfjuːdʒ/,,
waver,"약하다, 약해지다, (불안정하게) 흔들리다[떨리다]",（尤指暂时地）动摇,,/ˈweɪvə/,,
lavatory,변기; 화장실,厕所，卫生间,,/ˈlavət(ə)ri/,,
forestall,미연에 방지하다,预先阻止；先发制人,,/fɔːˈstɔːl/,,
archenemy,"최대의 적, 대적(大敵); (때로 the archenemy) 사탄(Satan), 마왕, 악마(Devil).",大敌;魔王;头号敌人;死敌;主要敌人,,/ˌärCHˈenəmē/,,
ephemeral,"수명이 짧은, 단명하는",短暂的，极短的；转瞬即逝的,,/ɪˈfɛm(ə)r(ə)l/,,
apostasy,"[UC] 배교(背敎), 배신(背信); 변절, 탈당",叛教；变节；脱党,,/əˈpɒstəsi/,,
iconology,도상학,(艺术上的)象征手法,,/ˌʌɪkəˈnɒlədʒi/,,
autocrat,"전제 군주, 독재자",独裁者；专制者；独断专行的人；专横的人,,/ˈɔːtəkrat/,,
progeny,(사람·동식물의) 자손,（人或动植物的）后代，后裔,,/ˈprɒdʒəni/,,
rancor,"[UC] (깊은) 원한, 유감; 적의, 악의; 증오",敌意;深仇大恨;兰克;仇视;怨恨,,/ˈraNGkər/,,
palliate,(병을 치료하지는 않고) 증상만 완화시키다,减轻负面影响,,/ˈpalɪeɪt/,,
avaricious,"탐욕스러운, 욕심 많은(greedy)",贪财的;贪婪的;贪心的,记忆技巧：avaric〔e〕贪心 + ious …的 → 贪婪的，贪心的,/avəˈrɪʃəs/,,
dexter,오른쪽의,右侧的；幸运的,,/ˈdɛkstə/,,
reimburse,배상[변제]하다,偿还；付还；补偿,,/ˌriːɪmˈbəːs/,,
atrophy,(혈액 부족으로 인한 신체 부위의) 위축(증),（身体部位）萎缩；衰退,,/ˈatrəfi/,,
hapless,"불운한, 불행한",不幸运的；不愉快的,,/ˈhapləs/,,
pertinent,(특정한 상황에) 적절한[관련 있는],有关的，直接相关的,,/ˈpəːtɪnənt/,,
incision,(특히 외과 수술 중의) 절개,（尤指手术的）切口,,/ɪnˈsɪʒ(ə)n/,,
trenchant,정곡을 찌르는,（批评或意见）尖锐的，尖刻的，犀利的,,/ˈtrɛn(t)ʃ(ə)nt/,,
raucous,"요란하고 거친, 시끌벅적한",（声音）刺耳的，尖厉的,,/ˈrɔːkəs/,,
​​agnostic,불가지론자,不可知论者; 不可知论的,,/aɡˈnɒstɪk/,,
incumbent,(공적인 직위의) 재임자,现任的；在职的,,/ɪnˈkʌmb(ə)nt/,,
credo,신조,信条；信念；教义,,/ˈkriːdəʊ/,,
equivocate,"얼버무리다, 모호하게 말하다",（尤指为隐瞒真相而）说模棱两可的话，含糊其词,,/ɪˈkwɪvəkeɪt/,,
fallacious,"잘못된, 틀린",错误的，谬误的,,/fəˈleɪʃəs/,,
refractory,"다루기 힘든, (행실이) 불량한",不应的，难治的,,/rɪˈfrakt(ə)ri/,,
foreshadow,"전조가 되다, 조짐을 나타내다",是…的预兆，预示,,/fɔːˈʃadəʊ/,,
herbivorous,초식성(草食性)의(cf. CARNIVOROUS),食草的,记忆技巧：herbi〔= herb 草〕+ vor 吃 + ous 有…性质的，关于…的 → 食草的,/həːˈbɪv(ə)rəs/,,
unctuous,(말·행동이) 번지르르한,谄媚的；虚情假意的,,/ˈʌŋ(k)tjʊəs/,,
ignominy,"불명예, 수치",耻辱，侮辱,,/ˈɪɡnəmɪni/,,
opaque,불투명한,不透明的；不透光的,,/ə(ʊ)ˈpeɪk/,,
belligerent,"적대적인, 공격적인",好斗的；挑衅的,,/bəˈlɪdʒ(ə)r(ə)nt/,,
alias,"…라는 가명으로 알려진, 일명 …라 불리는",又名，亦名；化名为,,/ˈeɪlɪəs/,,
equanimity,"(특히 힘든 상황에서의) 침착, 평정",（尤指处于震惊、失望或困境时的）镇静，沉着，冷静,,/ˌɛkwəˈnɪmɪti/,,
labyrinth,미로,迷宫；曲径,,/ˈlab(ə)rɪnθ/,,
perhaps,"아마, 어쩌면",或许，可能,,/pəˈhaps/,,
apostle,사도(예수 열두 제자 중 한 사람),（信仰或政治运动的）宣导者，鼓吹者，先驱,,/əˈpɒs(ə)l/,,
affix,"부착하다, 붙이다",使固定；附上；黏上；贴上,,/əˈfɪks/,,
precipice,벼랑,悬崖，峭壁,,/ˈprɛsɪpɪs/,,
microcosm,"소우주, (더 큰 것의) 축소판",缩影；微观世界,,/ˈmʌɪkrə(ʊ)kɒz(ə)m/,,
affidavit,선서 진술서,（法庭上作证用的）书面证词,,/ˌafɪˈdeɪvɪt/,,
chronometer,크로노미터(특히 항해 때 쓰는 정밀 시계),精密时计,,/krəˈnɒmɪtə/,,
susceptible,민감한,易受影响的，易受伤害的,,/səˈsɛptɪb(ə)l/,,
hector,위협하다,威吓,,/ˈhɛktə/,,
redress,(부당하거나 잘못된 것을) 바로잡다[시정하다],纠正，矫正；补偿，向…赔偿损失,,/rɪˈdrɛs/,,
proliferate,"급증하다, (빠르게) 확산되다",激增,,/prəˈlɪfəreɪt/,,
denounce,맹렬히 비난하다,（公开）谴责，痛斥,,/dɪˈnaʊns/,,
harangue,장광설을 늘어놓다,长篇大论地演说；斥责,,/həˈraŋ/,,
truculent,"반항적인, 약간 공격적인",易怒的；好斗的；寻衅的,,/ˈtrʌkjʊl(ə)nt/,,
synchronize,동시에 발생하다[움직이다]; 동시에 발생하게[움직이게] 하다,（使）同步，（使）同时发生,,/ˈsɪŋkrənʌɪz/,,
euphonious,듣기 좋은,悦耳的，动听的,,/juːˈfəʊnɪəs/,,
aspersion,"비난, 비방, 중상",中伤，诽谤;喷绕法；喷洒法,记忆技巧：a 加强 + spers 散开 + ion 表名词 → 诽谤,/əˈspəːʃ(ə)n/,,
rebel,반역자,（试图武装推翻国家政治制度的）反抗者，造反者,,/ˈrɛb(ə)l/,,
insidious,서서히[은밀히] 퍼지는,暗中为害的；潜伏的,,/ɪnˈsɪdɪəs/,,
languid,(움직임이) 힘없는[느릿느릿한]; 나른한,慢悠悠的，悠闲自在的,,/ˈlaŋɡwɪd/,,
cascade,작은 폭포,小瀑布（常指瀑布群的分支）,,/kasˈkeɪd/,,
abash,[보통 수동형으로] 무안하게 하다; 당황하게 하다,使惭愧；使羞愧；使困窘；使局促不安,,/əˈbaʃ/,,
holocaust,(특히 전쟁·화재로 인한) 대참사[대파괴],大屠杀，大毁灭，浩劫,,/ˈhɒləkɔːst/,,
expiate,속죄하다,赎（罪）；补偿；弥补,,/ˈɛkspɪeɪt/,,
whim,"(일시적인) 기분, 변덕",突然的念头，冲动,,/wɪm/,,
bewilder,어리둥절하게[혼란스럽게] 만들다,使迷惑，使糊涂；难住,,/bɪˈwɪldə/,,
defamation,"중상, 명예 훼손",诬蔑;诽谤;中伤,,/ˌdɛfəˈmeɪʃ(ə)n/,,
contradict,"(어떤 사람의 말을) 부정[부인]하다, 반박하다",反驳，否定；（事实或声明）（与…）相矛盾，（与…）有抵触,,/kɒntrəˈdɪkt/,,
minatory,"협박하는, 위협적인",威胁的;恐吓的,,/ˈmɪnəˌt(ə)ri/,,
acerbic,"가혹한, 신랄한",尖刻的；辛辣的,,/əˈsəːbɪk/,,
acquit,무죄를 선고하다,宣判…无罪,,/əˈkwɪt/,,
hinder,"저해[방해]하다, …을 못하게 하다",阻碍，妨碍,,/ˈhɪndə/,,
chromosome,염색체,染色体,,/ˈkrəʊməsəʊm/,,
condign,적절한,适当的;应得的,,/kənˈdʌɪn/,,
rejoinder,"응수, 답변",回答；反驳,,/rɪˈdʒɔɪndə/,,
intersperse,(…속에·사이에) 배치하다,无规律地混入；散布；点缀,,/ɪntəˈspəːs/,,
teeter,(넘어질 듯이) 불안정하게 서다[움직이다],摇晃，摇摇欲坠；蹒跚行走,,/ˈtiːtə/,,
pulchritudinous,몸매[외모]가 아름다운,漂亮;美丽的;美貌的,,/ˌpʌlkrɪˈtʃuːdɪnəs/,,
facetious,"경박한, 까부는",（尤指不问场合）好开玩笑的；滑稽的，诙谐的,,/fəˈsiːʃəs/,,
adroit,(특히 대인 관계에서) 노련한,精明的；干练的；机敏的；灵巧的,,/əˈdrɔɪt/,,
terse,(예의에 어긋날 정도로) 간결한[간단한],简短生硬的；简要的,,/təːs/,,
confide,(비밀을) 털어놓다,吐露，倾诉（秘密）,,/kənˈfʌɪd/,,
authoritarian,"권위주의적인, 독재적인",独裁的；专制的,,/ɔːˌθɒrɪˈtɛːrɪən/,,
deluge,"폭우, 호우",暴雨；洪水,,/ˈdɛljuːdʒ/,,
millennium,(특히 예수 탄생을 기준으로 그 전후의) 천년,一千年，千周年；千周年纪念日,,/mɪˈlɛnɪəm/,,
anecdote,일화,（尤指关于某人的）趣闻，轶事,,/ˈanɪkdəʊt/,,
annuity,연금,（通常指一直付到某人死亡的）年金；年金保险；年金保险投资,,/əˈnjuːɪti/,,
cogent,설득력 있는,（论据或理由）令人信服的，有说服力的，强而有力的,,/ˈkəʊdʒ(ə)nt/,,
zeal,"열의, 열성",热忱，热情；激情,,/ziːl/,,
engaging,"호감이 가는, 매력적인",令人愉快的；有吸引力的；迷人的,,/ɪnˈɡeɪdʒɪŋ/,,
egress,"떠남, 나감",出，外出；出口，出路,,/ˈiːɡrɛs/,,
legible,"읽을[알아볼] 수 있는, 또렷한",（笔迹或字体）清晰的，易读的，清楚的,,/ˈlɛdʒɪb(ə)l/,,
hegemonic,"지배하는, 패권을 장악한",霸权的；统治的,,/ˌhɛdʒɪˈmɒnɪk/,,
verbose,장황한,啰嗦的；冗长的，累赘的,,/vəːˈbəʊs/,,
ingratiate,환심을 사다,讨好;巴结;迎合,记忆技巧：in 使… + grat 令人高兴的；高雅 + iate 做 → 使高兴 → 讨好,/ɪnˈɡreɪʃɪeɪt/,,
meander,구불구불하다,（河流、道路等）蜿蜒，迂回曲折,,/mɪˈandə/,,
prodigal,(돈·시간·에너지·물자를) 낭비하는,非常浪费的，奢侈的,,/ˈprɒdɪɡ(ə)l/,,
cautery,[U] [의학] 소작(법); 뜸술; [C] 소작제; 소작기,烧灼术；烙术；灸;腐蚀剂；烙器,,/ˈkɔːt(ə)ri/,,
indelible,잊을[지울] 수 없는,洗不掉的；无法去除的,,/ɪnˈdɛlɪb(ə)l/,,
inscrutable,(사람·표정이) 불가해한[헤아리기 어려운],（尤指人或其表情）高深莫测的，难以捉摸的,,/ɪnˈskruːtəb(ə)l/,,
beneficent,"도움을 주는, 선을 베푸는; 친절한",行善的；慈善的,,/bɪˈnɛfɪs(ə)nt/,,
caustic,"가성의, 부식성의",苛性的，腐蚀性的,,/ˈkɔːstɪk/,,
volatile,변덕스러운,不稳定的；易变的；易怒的，喜怒无常的,,/ˈvɒlətʌɪl/,,
androgen,"안드로겐, 남성호르몬",雌雄同体的;兼具两性的,,/ˈandrədʒ(ə)n/,,
androgynous,양성(兩性)의 특징을 가진; 중성 같은,没有明显性别区分的；男女不分的；兼有两性特征的,,/anˈdrɒdʒɪnəs/,,
euphony,"듣기 좋은 음조(opp. cacophony); [언어] 활(滑)음조, 음운 변화",和谐的声音，悦耳之音,记忆技巧：eu 好 + phon 声音，嗓音；讲话 + y 表名词 → 好听的声音,/ˈjuːf(ə)ni/,,
rejuvenate,"다시 젊어 보이게[젊은 기분이 들게] 하다, 활기를 되찾게 하다",使年轻；使恢复活力；使青春焕发,,/rɪˈdʒuːvəneɪt/,,
obloquy,악평,公开的严厉批评（或责骂）,,/ˈɒbləkwi/,,
disclaim,"(무엇에 대해 모르거나 책임이 없다고) 말하다, (책임 등을) 부인하다",声明拒绝承担（责任）；否认,,/dɪsˈkleɪm/,,
bemoan,한탄하다,抱怨；悲叹,,/bɪˈməʊn/,,
disburse,(특정 목적을 위해 모은 돈에서) 지출하다,拨（款）；拿出（一部分资金）,,/dɪsˈbəːs/,,
preponderance,(수적으로) 우세함[더 많음],优势；多数,,/prɪˈpɒnd(ə)r(ə)ns/,,
tendentious,"과격한, 극단적인",（演讲或文章）有强烈倾向的；有偏见的,,/tɛnˈdɛnʃəs/,,
plethora,"과다, 과잉",过多，过剩,,/ˈplɛθ(ə)rə/,,
dissipated,방탕한,放荡的，花天酒地的,,/ˈdɪsɪpeɪtɪd/,,
myriad,"무수함, 무수히 많음",无数，极大数量,记忆技巧：myri 一万，无数 + ad 表状态 → 无数（的）,/ˈmɪrɪəd/,,
bleak,"암울한, 절망적인",（地方）荒凉的；凄凉的,,/bliːk/,,
amiable,"쾌활한, 정감 있는",和蔼可亲的，亲切的；令人愉悦的；友好的,,/ˈeɪmɪəb(ə)l/,,
proclivity,(흔히 좋지 못한) 성향,癖性；（尤指坏的）倾向,,/prəˈklɪvɪti/,,
oscillate,(감정·행동이 양극을) 계속 오가다,来回摆动；震动；震荡,,/ˈɒsɪleɪt/,,
facsimile,"복제, 복사",（尤指文件的）摹本，复制本,,/fakˈsɪmɪli/,,
affable,"상냥한, 사근사근한",和蔼可亲的；友善的；容易交谈的,,/ˈafəb(ə)l/,,
conciliate,"달래다, 회유하다",安抚；抚慰；调停；和解,,/kənˈsɪlɪeɪt/,,
effluence,"(광선·전기·액체 등의) 내뿜음, 발산, 방출, 흘러나옴(outflow)",发（射，流）出；流出物；射出物,记忆技巧：ef 出，外 + flu 流 + ence 表行为 → 流出,/ˈɛflʊəns/,,
culprit,범인,过失者；责任人,,/ˈkʌlprɪt/,,
defile,(신성하거나 중요한 것을) 더럽히다,玷污，亵渎，糟蹋,,/dɪˈfʌɪl/,,
graphite,"그래파이트, 흑연",石墨,,/ˈɡrafʌɪt/,,
circumlocution,에둘러[우회적으로] 말하기,（尤指对不好的事情的）迂回曲折的说法；婉转语，遁词,,/ˌsəːkəmləˈkjuːʃ(ə)n/,,
monarchy,군주제,君主国,,/ˈmɒnəki/,,
dignitary,고위 관리,要人，显要人物，要员,,/ˈdɪɡnɪt(ə)ri/,,
dystrophy,영양 실조[장애],营养障碍性疾病,记忆技巧：dys 不良 + troph 营养 + y 表情况 → 营养不良,/ˈdɪstrəfi/,,
distaff,(손으로 양털을 자을 때 쓰던) 실패,(旧时手工纺纱用的)纺纱杆，绕线杆,,/ˈdɪstɑːf/,,
torpid,"무기력한, 활기[열의] 없는",不活泼的；（尤指因懒惰或困倦）迟钝的，呆滞的,,/ˈtɔːpɪd/,,
decadence,"타락, 퇴폐",堕落，颓废，腐朽,,/ˈdɛkəd(ə)ns/,,
impetuous,"성급한, 충동적인",冲动的，鲁莽的,,/ɪmˈpɛtjʊəs/,,
copious,"엄청난 (양의), 방대한",大量的，丰富的；过量的,,/ˈkəʊpɪəs/,,
juvenilia,(작가·화가의) 젊은 시절 작품,（艺术家成名之后出版或被发现的）少年时期作品,,/ˌdʒuːvəˈnɪlɪə/,,
equity,(한 회사의) 자기 자본; (자산의) 순수 가치,（公司的）股本，股票值；股票,,/ˈɛkwɪti/,,
ascetic,금욕적인,（常指因宗教原因）苦行的，禁欲的，过清苦生活的,,/əˈsɛtɪk/,,
junction,"(도로·선로의) 교차로, 나들목",联结点；枢纽；（公路的）交叉口；（铁路）联络车站,,/ˈdʒʌŋ(k)ʃ(ə)n/,,
syllabus,교수요목,教学大纲，课程大纲,,/ˈsɪləbəs/,,
lexicographer,사전 편찬자,词典编纂者,,/ˌlɛksɪˈkɒɡrəfə/,,
salacious,"외설스러운, 음란한",淫秽的；好色的；淫荡的,,/səˈleɪʃəs/,,
credulity,쉽게[잘] 믿음,轻信,,/krɪˈdjuːlɪti/,,
belle,미인; (특정한 장소의) 최고 미인,美人,,/bɛl/,,
noisome,(극도로) 역겨운[고약한],极令人不快的；令人厌恶的,,/ˈnɔɪs(ə)m/,,
obstinate,"고집 센, 완강한",顽固的，固执的；倔强的,,/ˈɒbstɪnət/,,
courier,운반[배달]원; 택배 회사,（递送重要书信或文件的）信差 ，递送员,,/ˈkʊrɪə/,,
referendum,"국민 투표, 총선거",（就重大政治或社会问题进行的）全民公决，全民公投,,/ˌrɛfəˈrɛndəm/,,
pardon,뭐라고요(상대방의 말을 알아듣지 못했을 때 다시 말해 달라는 뜻으로 하는 말),原谅，宽恕（常用于礼貌的表达方式）,,/ˈpɑːd(ə)n/,,
collide,"충돌하다, 부딪치다",（尤指移动的物体）相撞，碰撞,,/kəˈlʌɪd/,,
incandescent,백열성의,白炽的，白热的,,/ɪnkanˈdɛs(ə)nt/,,
vouch,<사물이> <…의 진실성[확실성·신뢰성]을> 보증[보장]하다 ((for)),担保；证明；作证,,/vaʊtʃ/,,
hyperglycemia,고(高)[과(過)]혈당(증).,血糖过多（症）；高血糖（症）,,/ˌhīpərɡlīˈsēmēə/,,
deflect,(특히 무엇에 맞고 난 뒤) 방향을 바꾸다[바꾸게 하다],（使）转向，（使）偏斜,,/dɪˈflɛkt/,,
subaqueous,"물속에 있는, 수중(용)의, 수중에서 일어나는",水下;水下的;水中的,记忆技巧：sub 下 + aqu 水 + e + ous …的 → 水下的,/sʌbˈeɪkwɪəs/,,
candid,솔직한,（尤指对棘手或令人痛苦之事）率直的，坦诚的，直言不讳的,,/ˈkandɪd/,,
abstruse,난해한,难解的；深奥的,,/əbˈstruːs/,,
curtail,축소[삭감/단축]시키다,制止；减少；缩减；限制,,/kəːˈteɪl/,,
chronology,연대순; 연대표,按事件发生的年代排列的顺序；（大事）年表,,/krəˈnɒlədʒi/,,
countermand,(특히 다른 주문을 함으로써 앞의 주문을) 철회하다,取消，撤回（命令）；重新发布（命令）,,/ˌkaʊntəˈmɑːnd/,,
deviate,(일상·예상 등을) 벗어나다,背离;偏离;违背,记忆技巧：de 离开 + vi 道路 + ate 使… → 使偏离道路 → 越轨,/ˈdiːvɪeɪt/,,
opprobrium,(대중의) 맹비난,谴责；抨击；讨伐；责难,,/əˈprəʊbrɪəm/,,
occlude,(…을) 가리다[막다],使…阻塞,,/əˈkluːd/,,
obviate,(문제·필요성을) 제거[배제]하다,排除，消除；使无必要,,/ˈɒbvɪeɪt/,,
wraith,(사람의 사망 직전·직후에 나타나는) 유령,鬼魂；幽灵,,/reɪθ/,,
anthology,"(시)선집, 문집",（艺术作品的）选集；（常指）精选集,,/anˈθɒlədʒi/,,
confiscatory,몰수[압수]의; <세금 등을> 심하게 징수하는; 몰수와 마찬가지의,没收的；征用的；充公的,,/kənˈfɪskət(ə)ri/,,
antediluvian,아주 구식인,早已过时的，十分老式的,,/ˌantɪdɪˈluːvɪən/,,
jocose,"익살스러운, 유머러스한",滑稽的；幽默的；诙谐的,,/dʒəˈkəʊs/,,
munificent,대단히 후한,慷慨的，大方的,,/mjʊˈnɪfɪs(ə)nt/,,
influx,(많은 사람·자금·물건이) 밀어닥침[밀려듦],(人、资金或事物的)涌入，流入,记忆技巧：in 进入 + flux 流动 → 流入 → 涌入,/ˈɪnflʌks/,,
kismet,"숙명, 운명",命运;天命,,/ˈkɪzmɛt/,,
exalt,(때로는 자격이 없는 사람을) 승격[격상]시키다,晋升；提拔,,/ɪɡˈzɔːlt/,,
epidermis,(피부의) 표피[상피],表皮,,/ˌɛpɪˈdəːmɪs/,,
timorous,겁이 많은,羞怯的；胆小的，胆怯的,,/ˈtɪm(ə)rəs/,,
remission,(병의) 차도,（疾病的）缓解期，减轻期,,/rɪˈmɪʃ(ə)n/,,
pernicious,치명적인(특히 그 영향이 서서히 알아차리기 힘들게 진행되는 경우),极其有害的；恶性的；恶劣的,,/pəˈnɪʃəs/,,
exculpate,무죄를 입증[선언]하다,为…开脱；证明…无罪,,/ˈɛkskʌlpeɪt/,,
diurnal,주행성의,在一天内发生的；白天发生的；昼行性的,,/dʌɪˈəːn(ə)l/,,
journal,"(특정 주제나 전문 분야를 다루는) 신문[잡지], 저널, 학술지",杂志，期刊；报纸,,/ˈdʒəːn(ə)l/,,
paradox,역설적인 사람[것/상황],自相矛盾的情况；似非而是的说法，悖论；诡论,,/ˈparədɒks/,,
filial,(부모에 대한) 자식의,子女的,,/ˈfɪlɪəl/,,
macabre,(죽음이나 다른 무서운 것과 관련되어) 섬뜩한[으스스한],（与死亡或暴力有关而）恐怖的，可怕的，令人毛骨悚然的,,/məˈkɑːbr(ə)/,,
moribund,소멸[절멸] 직전의,（尤指组织或公司）无生气的，停滞不前的，失败的,,/ˈmɒrɪbʌnd/,,
waspish,"성질이 더러운, 화를 잘 내는",尖刻的，刻毒的；暴躁的，易怒的,,/ˈwɒspɪʃ/,,
defer,"미루다, 연기하다",使延期，使延缓，推迟,,/dɪˈfəː/,,
abhorrence,(특히 도덕적인 이유에 의한) 혐오,憎恶；憎恨；厌恶,,/əbˈhɒr(ə)ns/,,
detestation,"아주 싫어함, 혐오, 증오(hatred)",憎恶，厌恶的人，嫌恶,,/ˌdiːtɛˈsteɪʃ(ə)n/,,
eloquent,"웅변[연설]을 잘 하는, 유창한",雄辩的，有说服力的,,/ˈɛləkwənt/,,
verdict,(배심원단의) 평결,（根据事实作出的）意见，决定；（尤指）判决，裁决,,/ˈvəːdɪkt/,,
mundane,"재미없는, 일상적인",世俗的；单调的；平凡的,,/ˈmʌndeɪn/,,
iconoclast,"우상 파괴자, 인습 타파주의자",反传统信仰者；反传统者,,/ʌɪˈkɒnəklast/,,
homonym,동철 (동음) 이의어(‘…할 수 있는’의 뜻을 나타내는 can과 ‘통조림으로 만들다’는 뜻의 can처럼 철자는 같으나 뜻은 다른 단어. 발음도 동일할 수 있음),同形（或同音）异义词,,/ˈhɒmənɪm/,,
euphemism,완곡 어구[표현],委婉语，委婉说法,,/ˈjuːfəmɪz(ə)m/,,
melodious,"듣기 좋은, 음악 같은",旋律优美的，悦耳的,,/mɪˈləʊdɪəs/,,
eerily,"무시무시하게, 무서워하여; 불가사의하게",怪异地;怪异的;奇异的;可怕地,,/ˈɪərɪli/,,
apothegm,"경구, 격언",箴言;警句;名人警句;四句箴言,记忆技巧：apo 与…有关 + the 神 + gm → 神的告诫 → 格言,/ˈapəˌTHem/,,
attenuant,희석하는,稀释的；使变淡的,,,,
brevity,간결성,简短，简洁；短暂,,/ˈbrɛvɪti/,,
incessant,"끊임없는, 쉴새없는",连续不断的，没完没了的,,/ɪnˈsɛs(ə)nt/,,
amphibian,양서류 (동물),两栖动物,,/amˈfɪbɪən/,,
turgid,복잡하고 따분한[이해하기 힘든],（讲话、写作、风格等）太严肃的，枯燥乏味的,,/ˈtəːdʒɪd/,,
gabby,"수다스러운, 말이 많은",贫嘴的;饶舌的; 聒噪的,,/ˈɡabi/,,
architect,건축가,建筑师,,/ˈɑːkɪtɛkt/,,
misanthropic,사람을 싫어하는,厌恶人类的；遁世的，不与他人交往的,,/mɪs(ə)nˈθrɒpɪk/,,
largess,"아낌없이 줌; (아낌없이 주어진) 선물, 축의(祝儀).",慷慨的赠与;赏金；赠物,,,,
bolster,"북돋우다, 강화[개선]하다",支撑；加固；提高；改善,,/ˈbəʊlstə/,,
humility,겸손,谦逊，谦恭,,/hjʊˈmɪlɪti/,,
dyslexia,"난독증, 독서 장애",（因无法分清字形而造成的）读写障碍,,/dɪsˈlɛksɪə/,,
precursor,선도자(격인 사람·사물),先驱，先锋；先兆，前兆,,/prɪˈkəːsə/,,
canny,(특히 재계·정계에서) 약삭빠른[영리한],（尤指在生意或财务方面）精明的，机灵的,,/ˈkani/,,
decay,"부패, 부식",腐蚀；（使）衰败，（使）衰弱,,/dɪˈkeɪ/,,
jocund,"명랑한, 쾌활한",高兴的；快乐的；愉快的,,/ˈdʒɒk(ə)nd/,,
effulgent,"찬란히 빛나는, 눈부신",灿烂的;光辉的,记忆技巧：ef 出，外 + fulg 发光 + ent 具有…性质的 → 发出光 → 光辉灿烂的,/ɪˈfʌldʒ(ə)nt/,,
sustenance,"(음식·물 등) 생명을 건강하게 유지시켜 주는 것, 자양물",食物,,/ˈsʌst(ə)nəns/,,
abolish,(법률·제도·조직을) 폐지하다,废除，废止,,/əˈbɒlɪʃ/,,
incisive,(사물 인식 능력이) 예리한[날카로운],锐利的；深刻的,,/ɪnˈsʌɪsɪv/,,
lectern,"(책 등을 받치는) 독서대, (교회의) 성서대",斜面讲桌,,/ˈlɛkt(ə)n/,,
fatuity,"어리석음, 우둔",愚味;愚昧;昏庸;愚蠢,记忆技巧：fatu 笨 + ity 具备某种性质，状况 → 愚蠢，愚昧,/fəˈtjuːɪti/,,
fraternal,공제(共濟)의(사상·이해관계가 같은 개인·집단이 서로 돕기 위한 것),兄弟的，手足的,,/frəˈtəːn(ə)l/,,
reproof,"책망, 나무람",责备；斥责；指责,,/rɪˈpruːf/,,
bicentennial,"200년간 계속되는, 200년마다의",(庆典)二百周年的,,/bʌɪsɛnˈtɛnɪəl/,,
cum laude,우등으로(미국 대학 학위 취득자 우등 등급의 세 번째 등급),（拉丁语）以优等成绩毕业（美国大学优等学位荣誉中的第三等）,,,,
reprehend,"꾸짖다, 나무라다, 비난하다(blame)",责难;指责;谴责;责备;斥责,记忆技巧：re 反 + prehend 抓 → 反过来抓住〔别人的缺点〕→ 责难,/ˌrɛprɪˈhɛnd/,,
archaic,"낡은, 폐물이 된",古老的，古代的；原始的,,/ɑːˈkeɪɪk/,,
spartan,"검소하고 엄격한, 스파르타식의",简朴的，清苦的；斯巴达式的,,/ˈspɑːt(ə)n/,,
equidistant,등거리의,等距的,,/ˌiːkwɪˈdɪst(ə)nt/,,
antiseptic,소독제[약],防腐剂；（尤指）杀菌剂，消毒剂,,/antɪˈsɛptɪk/,,
disjointed,"연결이 안 되는, 일관성이 없는",（尤指词语或想法）不连贯的，没有条理的，杂乱无章的,,/dɪsˈdʒɔɪntɪd/,,
chasten,"잘못을 깨닫게 하다, 훈계하다",惩戒；磨炼；教训,,/ˈtʃeɪs(ə)n/,,
amoral,도덕관념이 없는,毫无道德观念的；没有道德的,,/eɪˈmɒr(ə)l/,,
inherent,내재하는,内在的；固有的，生来就有的,,/ɪnˈhɪər(ə)nt/,,
callow,"미숙한, 풋내기인",（尤指年轻人）幼稚的；不自信的；不谙世事的,,/ˈkaləʊ/,,
harbinger,(흔히 좋지 않은 일이 곧 일어날) 조짐,（尤指坏事的）先兆，预兆,,/ˈhɑːbɪn(d)ʒə/,,
curt,퉁명스러운,（态度或说话）简短失礼的，唐突的，草率的,,/kəːt/,,
dissect,(인체·동식물을) 해부[절개]하다,解剖（尤指尸体或植物）,,/dʌɪˈsɛkt/,,
descry,(불현듯) 보게 되다,突然看到;突然发现,,/dɪˈskrʌɪ/,,
abet,(나쁜 일을) 사주하다[교사하다],教唆，唆使，怂恿；伙同…作案,,/əˈbɛt/,,
askance,"의심[불신]의 눈으로; 옆으로, 비스듬히; 곁눈으로; 빗대어, 어물어물",怀疑地；侧目（斜视）地,,/əˈskans/,,
thesaurus,유의어 사전,同义词词典,,/θɪˈsɔːrəs/,,
pithy,간결하나 함축적인,（讲话或写作）言简意赅的，简洁有力的,,/ˈpɪθi/,,
bilateral,"쌍방의, 쌍무적인",双边的，双方的,,/bʌɪˈlat(ə)r(ə)l/,,
infallible,결코 틀리지[실수하지] 않는,不可能错误的；永无过失的；不会犯错误的,,/ɪnˈfalɪb(ə)l/,,
euthanasia,안락사,安乐死,,/ˌjuːθəˈneɪzɪə/,,
infusion,(어떤 것을 더 강하게·성공적이 되게 하기 위한) 투입,注入；灌输,,/ɪnˈfjuːʒ(ə)n/,,
harried,"몹시 곤란을 겪는, 어찌할 바를 모르는.",(不断)烦扰;折磨;反复进攻;不断袭击,,/ˈharɪd/,,
carom,(…에) 부딪쳐[맞고] 튀어나오다,撞击后弹开,,/ˈkarəm/,,
ingenuous,"순진한, 천진한, 사람을 잘 믿는",天真的；胸无城府的,,/ɪnˈdʒɛnjʊəs/,,
dichotomy,"양분(兩分), 이분(二分)",一分为二，对立,,/dʌɪˈkɒtəmi/,,
fey,"약간 특이한, 비현실적인 데가 있는",神秘古怪的；故弄玄虚的,,/feɪ/,,
turpitude,대단히 부도덕한 행위,邪恶；堕落,,/ˈtəːpɪtjuːd/,,
reclaim,(분실하거나 빼앗긴 물건 등을) 되찾다[돌려 달라고 하다],取回；拿回；收回,,/rɪˈkleɪm/,,
duress,"협박, 압력",威胁，胁迫,,/djʊ(ə)ˈrɛs/,,
vindicate,(특히 남들은 달리 생각할 때) …의 정당성을 입증하다,证明…正确；证明…是真的,,/ˈvɪndɪkeɪt/,,
rent,"집세, 방세, 지대, 임차료",租金；租费,,/rɛnt/,,
disconsolate,암담한,沮丧的，郁郁寡欢的,,/dɪsˈkɒns(ə)lət/,,
relax,(즐기는 일을 하면서) 휴식을 취하다[느긋이 쉬다],（使）放松，（使）轻松；（使身体部位）松弛，放松,,/rɪˈlaks/,,
preclude,"(~로 하여금 ~하지) 못하게 하다, (~가 ~하는 것을) 불가능하게 하다",排除，防止，杜绝；阻碍,,/prɪˈkluːd/,,
predilection,(…을) 매우 좋아함,偏爱，偏好,,/ˌpriːdɪˈlɛkʃ(ə)n/,,
idiom,"관용구, 숙어",习语，成语，惯用语,,/ˈɪdɪəm/,,
assuage,(안 좋은 감정을) 누그러뜨리다[달래다],缓和；减轻；平息,,/əˈsweɪdʒ/,,
extol,극찬[격찬]하다,赞扬；赞颂；赞美,,/ɪkˈstəʊl/,,
incognito,"자기 신분을 숨기고, 가명[익명]으로",隐姓埋名地，隐藏身分地,,/ˌɪnkɒɡˈniːtəʊ/,,
dissemble,"(진짜 감정·의도를) 숨기다, 가식적으로 꾸미다",掩盖，掩饰（动机、感情、真相等）,,/dɪˈsɛmb(ə)l/,,
slake,(물을 마셔) 갈증을 해소하다,满足,,/sleɪk/,,
acidulous,신맛이 나는,带酸味的,记忆技巧：acid 酸的 + ul〔= ule 小…〕+ ous …的 → 微酸的,/əˈsɪdʒʊləs/,,
chronic,만성적인,（尤指疾病或不好的事物）慢性的，长期的,,/ˈkrɒnɪk/,,
admonish,"꾸짖다, 책망하다",告诫；警告；责备,,/ədˈmɒnɪʃ/,,
agnostic,불가지론자,不可知论者（对神存在与否不能肯定或认为不可知）,,/aɡˈnɒstɪk/,,
sectarian,종파(宗派)의,（人）派系的，教派性的，（尤指）排斥其他信仰的；有门户之见的,,/sɛkˈtɛːrɪən/,,
chaste,(육체적으로) 순결한,纯洁的；贞洁的,,/tʃeɪst/,,
eon,,极长的时期；万古,,/ˈēən/,,
scion,(특히 명문가의) 자손,豪门望族的后裔，富家子弟,,/ˈsʌɪən/,,
auspice,"[보통 pl.] 원조, 찬조, 보호(patronage)",吉兆;（复数）支持；赞助；资助；主办；保护;（以飞鸟行动为根据的）占卜,记忆技巧：au〔= av 鸟〕+ spic 看 + e → 看到鸟〔喜鹊〕→ 吉兆,/ˈɔːspɪs/,,
duplicity,"이중성, 표리부동",欺骗；（尤指）搞两面派,,/djuːˈplɪsɪti/,,
ontology,존재론,本体论,,/ɒnˈtɒlədʒi/,,
certitude,확신,确定；确信,,/ˈsəːtɪtjuːd/,,
extrapolate,(…을 기반으로) 추론[추정]하다,推断；推知,,/ɪkˈstrapəleɪt/,,
perjury,위증죄,伪证罪,,/ˈpəːdʒ(ə)ri/,,
carousal,"흥청거림, 큰 술잔치[연회]",喧闹的酒宴,,/kəˈraʊz(ə)l/,,
sanguine,"낙관적인, 자신감이 넘치는",乐观的，乐天的,,/ˈsaŋɡwɪn/,,
consummate,(결혼식 후) 첫날밤을 치르다[성관계를 하다],完美无缺的；圆满的,,/ˈkɒns(j)əmeɪt/,,
mainstay,(무엇의 존재·성공을 가능하게 하는) 중심[대들보/기둥],支柱;中流砥柱,,/ˈmeɪnsteɪ/,,
conducive,~에 좋은(어떤 일이 일어나기 쉽게 한다는 의미로),有利的，有助的，有益的,,/kənˈdjuːsɪv/,,
aviation,항공(술),航空（学）；飞行（术）；航空工业,,/eɪvɪˈeɪʃ(ə)n/,,
bromide,브롬화물(과거엔 진정제로 쓰였음),溴化物镇静剂,,/ˈbrəʊmʌɪd/,,
dilate,"확장[팽창]하다[시키다], 키우다[커지다]",（使身体的一部分）扩张，展开,,/dʌɪˈleɪt/,,
accelerant,"촉진제, 촉매",催速（催化；加速；促进；促凝；触媒）剂,,/əkˈsɛlərənt/,,
mitigate,완화[경감]시키다,使缓和；减轻（危害等）,,/ˈmɪtɪɡeɪt/,,
magnanimous,(특히 적이나 경쟁자에게) 도량이 넓은[너그러운],（对敌人或失败者）宽宏大量的，大度的,,/maɡˈnanɪməs/,,
seminal,(앞으로 전개될 일에) 중대한[영향력이 큰],具有开拓性的；有深远影响的,,/ˈsɛmɪn(ə)l/,,
avid,(흔히 취미에) 열심인[열렬한],渴望的；急切的；热衷的；干劲十足的,记忆技巧：av 渴望 + id …的 → 渴望的；贪婪的,/ˈavɪd/,,
cadaver,"시체, 사체",尸体，死尸,,/kəˈdɑːvə/,,
tantamount,(나쁜 효과가) ~와 마찬가지의[~에 상당하는],无异于;等于;效果与…一样坏,,/ˈtantəmaʊnt/,,
heterodox,이설[이교]의,（信仰、想法或活动）非正统的，异端的,,/ˈhɛt(ə)rə(ʊ)dɒks/,,
leash,"(개 등을 매어 두는) 가죽끈[줄], 사슬",（牵狗等动物用的）绳索，链子,,/liːʃ/,,
insipid,맛[풍미]이 없는,无味的；无特色的；无生气的；乏味的,,/ɪnˈsɪpɪd/,,
bereave,(가족·친지와[를]) 사별하다[여의다],使丧失亲友,,/bɪˈriːv/,,
gregarious,"남과 어울리기 좋아하는, 사교적인",（人）爱交际的，不喜独处的,,/ɡrɪˈɡɛːrɪəs/,,
accede,(요청·제의 등에) 응하다,同意(请求、建议等);就任;就职;(尤指君主)即位,,/əkˈsiːd/,,
aggregate,"합계, 총액",聚集体，集成体；总数，合计,,/ˈaɡrɪɡət/,,
dauntless,불굴의,决然的；无畏的,,/ˈdɔːntləs/,,
prolix,장황한,冗长的；啰唆的；好长篇大论的,,/ˈprəʊlɪks/,,
plaintive,(소리가) 애처로운[구슬픈],伤感的,,/ˈpleɪntɪv/,,
undulating,"물결 모양의, 올라갔다 내려갔다 하는",起伏;波动;荡漾,,/ˈʌndjʊleɪtɪŋ/,,
decelerate,(차량의) 속도를 줄이다,（使）降低速度；（使）减速,,/diːˈsɛləreɪt/,,
prescient,선견지명[예지력]이 있는,预知的，有预知能力的，有先见之明的,,/ˈprɛsɪənt/,,
antibody,항체,抗体,,/ˈantɪbɒdi/,,
objurgate,"꾸짖다, 책망하다, 비난하다",怒斥;痛骂;谴责;申斥,,/ˈɒbdʒəɡeɪt/,,
zealot,"(특히 종교·정치에) 열성적인 사람, 열성분자, 광신자",狂热者；热心者,,/ˈzɛlət/,,
adjudicate,"(분쟁에 대해) 판결[판정]을 내리다, 재결하다",担任裁判；判决，裁定，裁决,,/əˈdʒuːdɪkeɪt/,,
dolor,"슬픔, 비탄(grief)",疼痛;悲伤;痛苦悲伤;悲哀,,/ˈdōlər/,,
indolent,"게으른, 나태한",懒散的；懒惰的,,/ˈɪnd(ə)l(ə)nt/,,
circuitous,빙 돌아가는,迂回的，绕行的,,/səːˈkjuːɪtəs/,,
propitiator,달래는 사람 ; 화해시키는 사람.,为和解的;为赢回好感的;安抚的,,/prəˈpɪʃɪeɪtə/,,
reprobate,타락한 사람,堕落者；放荡者；恶棍,,/ˈrɛprəbeɪt/,,
espouse,(주의·정책 등을) 옹호[지지]하다,投身（活动）；支持，拥护（观点）,,/ɪˈspaʊz/,,
salutary,"(흔히 불쾌해 보이지만) 유익한, 효과가 좋은",（对行为或性格的改善）有益的,,/ˈsaljʊt(ə)ri/,,
flippant,"경솔한, 건방진",轻率的；浮夸的,,/ˈflɪp(ə)nt/,,
antecede,"…에 선행하다, 앞서다",在…之前；居…之先；胜过；超越,,/antɪˈsiːd/,,
temper,(걸핏하면 화를 내는) 성질[성미],脾气；易怒,,/ˈtɛmpə/,,
cursory,"대충 하는, 피상적인",仓促的；草草的；粗略的,,/ˈkəːs(ə)ri/,,
ablution,목욕 (재계),沐浴；净体（礼）；净手（礼）,,/əˈbluːʃ(ə)n/,,
intrastate,주(州)내의,在一州境内(尤指美国的州内),,,,
deride,조롱[조소]하다,嘲笑，讥笑,,/dɪˈrʌɪd/,,
aquamarine,"아쿠아마린, 남옥(藍玉)",海蓝宝石,,/ˌakwəməˈriːn/,,
accretion,(서서히 막처럼 생기는) 부착물,堆积，积聚；逐渐的增加，增大,,/əˈkriːʃ(ə)n/,,
dissonant,"귀에 거슬리는, [음악] 불협화(음)의; 조화되지 않은(opp. harmonious)",刺耳的；不谐和的；不调和的,记忆技巧：dis 不 + son 声音 + ant …的 → 不同的声音 → 不和谐的,/ˈdɪs(ə)nənt/,,
rift,(사람들 사이의) 균열[틈],（地面或岩石上的）裂缝，裂口,,/rɪft/,,
sententious,"무게를 잡는, 훈계조의",好说教的；说教式的；自以为是的,,/sɛnˈtɛnʃəs/,,
decamp,(흔히 몰래) 서둘러 떠나다,不辞而别，偷偷溜走,,/dɪˈkamp/,,
iniquity,부당성; 부당한 것,极其错误；极不公正,,/ɪˈnɪkwɪti/,,
abate,(강도가) 약해지다; (강도를) 약화시키다[줄이다],减少；减弱；减轻；减退,,/əˈbeɪt/,,
protagonist,(연극·영화·책 속의) 주인공,（某一想法或政治制度的）主要支持者，主要拥护者,,/prəˈtaɡ(ə)nɪst/,,
incubate,(알을) 품다,孵（卵），孵化,,/ˈɪŋkjʊbeɪt/,,
donate,(특히 자선단체에) 기부[기증]하다,捐赠，捐助，捐献,,/də(ʊ)ˈneɪt/,,
fetid,악취가 진동하는,恶臭的；腐臭的,,/ˈfɛtɪd/,,
antagonism,"적의, 적대감",对抗，对立；敌对；敌意,,/anˈtaɡ(ə)nɪz(ə)m/,,
jurisprudence,법학,法学；法律学,,/ˌdʒʊərɪsˈpruːd(ə)ns/,,
holograph,자필문,全息图的,,/ˈhɒləɡrɑːf/,,
affirm,단언하다,证实；确认；断言,,/əˈfəːm/,,
allude,"암시하다, 시사(示唆)하다, 넌지시 말하다 ((to)) ((직접 언급할 때는 refer, mention을 씀; ⇒ refer [유의어/] ))",影射，暗指；间接提到,,/əˈl(j)uːd/,,
vortex,(물·공기 등의) 소용돌이,漩涡；涡流,,/ˈvɔːtɛks/,,
delineate,(상세하게) 기술하다[그리다/설명하다],描述；勾画,,/dɪˈlɪnɪeɪt/,,
foible,(별로 해롭지 않은) 기벽[약점],（无伤大雅的）怪癖，小毛病，小缺点,,/ˈfɔɪb(ə)l/,,
opulent,호화로운,奢华的，豪华的，奢侈的,,/ˈɒpjʊl(ə)nt/,,
perambulator,(바퀴 하나에 기다란 손잡이가 달린) 거리 측정계,手推童车，婴儿车（pram的正式说法）,,/pəˈrambjʊleɪtə/,,
simulate,"…한 체[척]하다, 가장하다",类比，模仿；假装，伪装,,/ˈsɪmjʊleɪt/,,
compunction,"죄책감, 거리낌",良心的不安；内疚；自责；后悔,,/kəmˈpʌŋkʃ(ə)n/,,
demise,(기관·사상·기업 등의) 종말,终止;失败;倒闭;死亡;逝世;一命呜呼,,/dɪˈmʌɪz/,,
tenet,"주의(主義), 교리(敎理)",信条；宗旨；原则,,/ˈtɛnɪt/,,
deign,치사스럽지만[자기 격에 떨어지지만] 한다는 듯이 굴다,原则;信条;教义,,/deɪn/,,
sorority,(미국 대학의) 여학생 클럽,（美国某些大学的）女生联谊会，姊妹会,,/səˈrɒrɪti/,,
dulcet,(소리가) 감미로운,柔和动听的，轻柔悦耳的,,/ˈdʌlsɪt/,,
vituperation,혹평,辱骂;斥责;责骂,,/vɪˌtjuːpəˈreɪʃ(ə)n/,,
malignant,악성의,（疾病或肿块）恶性的，致命的,,/məˈlɪɡnənt/,,
incantation,(마술을 걸기 위한) 주문[주문을 외기],咒语；念咒,,/ɪnkanˈteɪʃ(ə)n/,,
disclose,(특히 비밀이던 것을) 밝히다[폭로하다],公开，公布；透露，揭露,,/dɪsˈkləʊz/,,
enumerate,열거하다,列举，枚举,,/ɪˈnjuːməreɪt/,,
interdict,(법원의) 금지 명령,（法庭发出的）强制令；禁令,,/ˈɪntədɪkt/,,
regress,퇴행[퇴보/회귀]하다,退步；退化；倒退,,/rɪˈɡrɛs/,,
dyspepsia,소화 불량,消化不良,,/dɪsˈpɛpsɪə/,,
elegy,"애가, 비가",（尤指怀念故人或往事的）挽歌；挽诗；哀歌,,/ˈɛlɪdʒi/,,
coherent,"일관성 있는, 논리[조리] 정연한",（论据、观点、计划）有条理的，连贯的，前后一致的,,/kə(ʊ)ˈhɪər(ə)nt/,,
inexorable,"멈출[변경할] 수 없는, 거침없는",不可阻拦的,,/ɪnˈɛks(ə)rəb(ə)l/,,
fortnight,2주일(간),两星期，两周,,/ˈfɔːtnʌɪt/,,
ensue,(어떤 일·결과가) 뒤따르다,（尤指作为结果而）接着发生，继而发生，因而产生,,/ɪnˈsjuː/,,
inimical,~에 해로운[반하는/불리한],有害的；不利的；限制性的,,/ɪˈnɪmɪk(ə)l/,,
undermine,(특히 자신감·권위 등을) 약화시키다,（常指逐渐地）削弱信心、权威等，损害,,/ʌndəˈmʌɪn/,,
inflect,(단어·언어가) 굴절하다[어미·어형 변화를 하다],（使）（词）发生屈折变化,,/ɪnˈflɛkt/,,
presage,(보통 불길한 일의) 전조가 되다,预示，预兆（尤指不祥之事）,,/ˈprɛsɪdʒ/,,
hone,(특히 기술을) 연마하다,使…变锋利；把…磨尖,,/həʊn/,,
libertine,난봉꾼,放荡鬼，浪荡子,,/ˈlɪbətiːn/,,
satiate,"(식욕·성욕 등을) 실컷 만족시키다, 물릴[질릴] 정도로 주다",（尤指饮食或享乐）使饱足，使厌腻,,/ˈseɪʃɪeɪt/,,
epigram,경구(警句); 짧은 풍자시,诙谐短诗；警句；隽语,,/ˈɛpɪɡram/,,
tirade,"장황한 비난, 장광설",长篇抨击性演说,,/tʌɪˈreɪd/,,
gaucherie,"어색함, 서투름",（法语）拙劣；笨拙,,/ˈɡəʊʃ(ə)ri/,,
forthright,솔직 담백한,（过于）坦诚的，直率的；直截了当的,,/ˈfɔːθrʌɪt/,,
interregnum,(국가·조직 등에서 신임 지도자가 취임하기 전의) 최고 지도자 부재 기간,（国家或组织的）权力空白期，空位期,,/ˌɪntəˈrɛɡnəm/,,
discord,"불화, 다툼",看法不一致，缺乏共识,,/ˈdɪskɔːd/,,
deleterious,"해로운, 유해한",有害的，造成危害的,,/ˌdɛlɪˈtɪərɪəs/,,
philanthropic,"인정 많은, 인자한; 박애(주의)의, 동포애의",慈善的；乐善好施的（尤指透过捐款帮助穷人）,,/ˌfɪlənˈθrɒpɪk/,,
erratic,"불규칙한, 일정치 않은, 변덕스러운",（动作、行为等）不规则的，不确定的，无计划的,,/ɪˈratɪk/,,
chide,"꾸짖다, 책망하다",责骂，呵斥，训斥,,/tʃʌɪd/,,
cardiac,심장(병)의,心脏的；心脏病的,,/ˈkɑːdɪak/,,
hypochondriac,심기증 환자,疑病患者,记忆技巧：hypo 下，低；次等 + chondr 软骨 + iac 有…病的 → 患疑病症的,/hʌɪpə(ʊ)ˈkɒndrɪak/,,
turbid,"탁한, 흐린",（液体）浑浊的，污浊的,,/ˈtəːbɪd/,,
abrupt,"돌연한, 갑작스런",突然的；意外的,,/əˈbrʌpt/,,
peripatetic,(특히 일을 하러) 이동해 다니는,（通常指因工作而）巡回的，流动的；漫游的,,/ˌpɛrɪpəˈtɛtɪk/,,
infatuated,(사랑하는 대상에게) 미쳐 있는[푹 빠진],（通常短期）热恋的，着迷的,,/ɪnˈfatʃuːeɪtɪd/,,
limpid,맑은,清澈的，透明的,,/ˈlɪmpɪd/,,
prevaricate,얼버무리다,支吾，搪塞，含糊其词；顾左右而言他,,/prɪˈvarɪkeɪt/,,
trite,진부한; 독창적이지 못한,陈腐的；老一套的,,/trʌɪt/,,
vituperate,"호통치다, 욕설하다; 혹평하다",责骂;谩骂;痛斥,记忆技巧：vituper 责备 + ate 表动词 → 严厉责备,/vɪˈtjuːpəreɪt/,,
genuflect,무릎을 꿇다(경의를 표하거나 예배를 드리기 위해 한 쪽 또는 양 쪽 무릎을 꿇는 것),（尤指进出天主教教堂时）下跪，跪拜,,/ˈdʒɛnjʊflɛkt/,,
abdicate,"왕위에서 물러나다, 퇴위하다",逊位；退（位），让（位），正式放弃（王位）,,/ˈabdɪkeɪt/,,
dissuade,(~을 하지 않도록) ~를 설득[만류]하다,劝说…不做某事，劝阻,,/dɪˈsweɪd/,,
fealty,(특히 왕에 대한) 충성 서약,（对国王或女王）忠诚的，忠心耿耿的,,/ˈfiːəlti/,,
putative,"(…로) 추정되는, 추정상의",假定存在的，被认为存在的,,/ˈpjuːtətɪv/,,
decadent,"타락한, 퇴폐적인",（人或组织）腐朽的；颓废的；堕落的,,/ˈdɛkəd(ə)nt/,,
gainsay,"부정하다, 반대하다",否认；反驳；反对,,/ɡeɪnˈseɪ/,,
slothful,나태한,懒惰的，懒散的,,/ˈsləʊθfʊl/,,
stultify,바보처럼 보이게 하다,使迟钝;使厌烦;使呆滞,,/ˈstʌltɪfʌɪ/,,
bibliography,참고문헌 (목록),参考书目，文献目录,,/ˌbɪblɪˈɒɡrəfi/,,
criterion,(판단이나 결정을 위한) 기준,（作出评判、决定或处理的）标准，准则,,/krʌɪˈtɪərɪən/,,
opulently,부유하게; 풍부하게,富裕地;丰裕地,,/ˈɒpjʊl(ə)ntli/,,
disdain,"업신여김, 무시",轻视，蔑视，鄙视,,/dɪsˈdeɪn/,,
obsolescent,"<말·습관 등이> 쇠퇴해 가는, 사용되지 않게 되는; <기계 등이> 구식의",在逐步废弃的；即将淘汰的；逐渐过时的,,/ˌɒbsəˈlɛs(ə)nt/,,
asperity,"(말투나 태도가) 거침, 가혹함",（言语、举止的）严厉，粗暴,,/əˈspɛrɪti/,,
perplexing,"난처[당황]하게 하는; 착잡한, 복잡한",令人不解的;不知道如何处置的,,/pəˈplɛksɪŋ/,,
appraise,"살피다, 뜯어보다",评定；鉴定；估价；评价,,/əˈpreɪz/,,
naive,"(경험·지식 부족 등으로) 순진해 빠진, (모자랄 정도로) 순진한",轻信的；天真的；幼稚的,,/nʌɪˈiːv/,,
compendious,모든 필요한 내용[사실들]을 담은,简明扼要的;概括的,,/kəmˈpɛndɪəs/,,
debauchery,방탕,道德败坏；淫荡；沉湎酒色（或毒品）,,/dɪˈbɔːtʃ(ə)ri/,,
diatribe,(말이나 글로 된 통렬한) 비판[공격],怒斥，抨击；檄文,,/ˈdʌɪətrʌɪb/,,
galvanize,충격 요법을 쓰다,激起；使震惊；使振奋,,/ˈɡalvənʌɪz/,,
insinuate,(불쾌한 일을) 암시하다[넌지시 말하다],含沙射影地说，影射,,/ɪnˈsɪnjʊeɪt/,,
misanthrope,사람을 싫어하는 사람,厌恶人类者；遁世者,,/ˈmɪz(ə)nθrəʊp/,,
incorporation,"[법] 법인격 부여, 법인[[미] 회사] 설립; [C] 결사, 법인 단체, 회사(corporation)",法人；社团；公司；结合，合并；（国际法）并入说；〈美〉并入理论,,/ɪnkɔːpəˈreɪʃ(ə)n/,,
nimble,"(동작이) 빠른, 날렵한",（行动）灵活的，敏捷的；（头脑）机敏的，敏锐的,,/ˈnɪmb(ə)l/,,
inculpate,죄를 씌우다; 비난하다; 연루(連累)시키다,控告，连累（某人）受罪，归罪于;连累（某人）；牵连（进某一犯罪或非法行为中）,记忆技巧：in 使… + culp 错，罪 + ate 使… → 使〔别人〕有罪 → 归罪,/ˈɪnkʌlpeɪt/,,
nascent,"발생기의, 초기의",新生的，萌芽的；开始发展的,,/ˈnas(ə)nt/,,
ratify,비준[재가]하다,（尤指政府或组织）正式批准，使正式生效，正式签署,,/ˈratɪfʌɪ/,,
injunction,(법원의) 명령,禁令,,/ɪnˈdʒʌŋ(k)ʃ(ə)n/,,
progenitor,(사람·동식물의) 조상,先驱，前辈,,/prə(ʊ)ˈdʒɛnɪtə/,,
cacophony,불협화음,刺耳嘈杂的声音；杂音,,/kəˈkɒf(ə)ni/,,
baleful,"악의적인, 해로운",恶毒的；威胁的,,/ˈbeɪlfʊl/,,
intractable,아주 다루기 힘든,难驾驭的；难对付的；难解决的,,/ɪnˈtraktəb(ə)l/,,
implication,(행동·결정이 초래할 수 있는) 영향[결과],含意；暗指，暗示,,/ɪmplɪˈkeɪʃ(ə)n/,,
jocular,"익살스러운, 유머러스한",有趣的；逗乐的,,/ˈdʒɒkjʊlə/,,
emulate,(흠모하는 대상을) 모방하다[따라 가다],效仿，模仿；和…竞争，努力赶上,,/ˈɛmjʊleɪt/,,
commensurate,(크기·중요도·자질 등에) 어울리는[상응하는],相当的，相称的,,/kəˈmɛnʃ(ə)rət/,,
humble,겸손한,谦虚的，谦逊的,,/ˈhʌmb(ə)l/,,
anomaly,"변칙, 이례",异常的人（或事物）；不规则；（同一种类中的）畸形,,/əˈnɒm(ə)li/,,
cent,센트(100분의 1달러나 유로),美分；分币,,/sɛnt/,,
bursary,(보통 대학의) 학비 보조금[장학금],奖学金,,/ˈbəːsəri/,,
endorse,(공개적으로) 지지하다,（公开）赞同，认可，支持,,/ɪnˈdɔːs/,,
antonym,반의어,反义词,,/ˈantənɪm/,,
release,"(갇히거나 구속되어 있는 상태에서) 풀어 주다, 석방[해방]하다",释放，放走；放开，松开,,/rɪˈliːs/,,
erudite,"학식 있는, 박식한",博学的；有学问的；博大精深的,,/ˈɛrʊdʌɪt/,,
degrade,비하[모멸]하다,贬低；降低…的身份；侮辱…的人格,,/dɪˈɡreɪd/,,
grandiloquent,말을 거창하게 하는,（尤指为了使某人或者某物显得重要而）卖弄词藻的，言辞浮夸的，过分华丽的,,/ɡranˈdɪləkwənt/,,
circumspect,신중한,小心的；谨慎的；审慎的,,/ˈsəːkəmspɛkt/,,
venerate,공경[숭배]하다,敬重;崇敬;敬仰,,/ˈvɛnəreɪt/,,
culpable,"과실이 있는, 비난받을 만한",应受谴责的；该受处罚的；该对错误负责的,,/ˈkʌlpəb(ə)l/,,
laconic,"말을 많이 하지 않는, 할 말만 하는",（语言）简洁的，言简意赅的,,/ləˈkɒnɪk/,,
obdurate,고집 센,顽固的；执拗的,,/ˈɒbdjʊrət/,,
loathing,"혐오(감), 증오(심)",憎恨，憎恶,,/ˈləʊðɪŋ/,,
amatory,"성욕의, 성적인",性爱的；情爱的,,/ˈamət(ə)ri/,,
eugenics,우생학,优生学；人种改良学,,/juːˈdʒɛnɪks/,,
effigy,조상(彫像),（尤指被憎恨人的）模拟像，雕像；画像：,,/ˈɛfɪdʒi/,,
rapacious,탐욕스러운,巧取豪夺的，贪婪的，掠夺的,,/rəˈpeɪʃəs/,,
frankness,"솔직, 터놓음",坦率，坦诚,,/ˈfraŋknəs/,,
levee,(강가의) 제방,防洪堤（在河边由土等材料筑成的墙，以防止河水溢出）,,/ˈlɛvi/,,
factitious,"(진짜처럼 보이도록) 꾸며낸, 인위적인",虚假的；人为的,,/fakˈtɪʃəs/,,
malice,"악의, 적의",恶意，害人之心,,/ˈmalɪs/,,
peregrination,(특히 느리게 계속되는) 긴 여행[여정],（尤指徒步的）旅行；漫游；旅程；游历,,/ˌpɛrɪɡrɪˈneɪʃən/,,
dorsal,(물고기나 동물의) 등에 있는[등의],（动物）背部的，背上的，背侧的,,/ˈdɔːs(ə)l/,,
amulet,(불운 등을 막아 주는) 부적,（戴在身上的）护身符，辟邪物,,/ˈamjʊlɪt/,,
homograph,"동형이의어(‘절하다’는 뜻의 bow/baʊ/와 ‘활’이라는 뜻을 갖는 bow/bæʊ/, /boʊ/처럼 철자는 같으나 뜻은 다른 낱말. 발음은 같을 수도 있고 다를 수도 있음)",同形异义词（读音可能相同或不同）,,/ˈhɒməɡrɑːf/,,
ambidextrous,"양손잡이의, 양손을 다 잘 쓰는",双手都很灵巧的；左右开弓的,,/ˌambɪˈdɛkstrəs/,,
excoriate,"(피부가) 벗겨지게 하다, 찰과상을 입히다",严厉指责，痛斥（戏剧、书、政治行为等）,,/ɪkˈskɔːrɪeɪt/,,
curmudgeon,괴팍한 사람(보통 노인),脾气乖戾的老人，坏脾气的老人,,/kəːˈmʌdʒ(ə)n/,,
contrition,"[U] (죄를) 뉘우침, 회오; [신학] 회개",真诚悔罪，悔悟,,/kənˈtrɪʃ(ə)n/,,
hackneyed,진부한,（语词或观点）陈腐的，老套的,,/ˈhaknɪd/,,
cosmonaut,(과거 러시아의) 우주 비행사,（前苏联的）宇航员，太空人,,/ˈkɒzmənɔːt/,,
belie,착각하게 만들다,给人以假像；掩饰（感情等）,,/bɪˈlʌɪ/,,
pictionary,단어를 보고 그림을 그려서 어떤 단어인지 맞추는 게임. 보통 짝을 지어서 그룹 대 그룹으로 게임을 한다.,画图猜词;猜猜画画;看图说词;绘图拼字;图画猜字,,,,
interim,(영구적인 것이 나올 때까지 존속시키기 위한) 중간[임시/과도]의,暂时的;过渡的;期中的,,/ˈɪnt(ə)rɪm/,,
insouciant,"무관심한; 태평한, 걱정 없는",漠不关心的;漫不经心的,,/ɪnˈsuːsɪənt/,,
capricious,변덕스러운,反覆无常的,,/kəˈprɪʃəs/,,
desert,사막,沙漠，荒漠,,/dɪˈzəːt/,,
concordance,(어떤 책 등에서 그 속에 사용된 어휘들을 알파벳순으로 정리한) 용어 색인,（书籍或作品中按字母顺序排列的）词语索引,,/kənˈkɔːd(ə)ns/,,
efface,"지우다, 없애다",抹去，擦掉；消除,,/ɪˈfeɪs/,,
gyrate,"빙빙 돌다, 선회하다; (특히 신체 일부를) 빙빙 돌리다",（通常指很快地）旋转，回旋，转动,,/dʒʌɪˈreɪt/,,
enjoin,(무엇을 하도록) 명하다[이르다],嘱咐；吩咐,,/ɪnˈdʒɔɪn/,,
dismay,"(충격을 받은 뒤의) 실망, 경악",沮丧，灰心，失望,,/dɪsˈmeɪ/,,
fortuitous,"우연한, (특히) 행운의",（有利的事）偶然发生的，碰巧的,,/fɔːˈtjuːɪtəs/,,
quotidian,"일상적인, 보통의",平常的，普通的；日常的,,/kwɒˈtɪdɪən/,,
intrinsic,"고유한, 본질적인",固有的，本质的，根本的,,/ɪnˈtrɪnsɪk/,,
lambaste,(특히 공개적으로) 맹공격[비판]하다,猛烈抨击；狠狠批评,,/lamˈbeɪst/,,
laxative,완하제(배변을 쉽게 하는 약·음식·음료),泻药，通便剂,,/ˈlaksətɪv/,,
esoteric,"소수만 이해하는[즐기는], 비전(秘傳)의",极不寻常的；只有少数人（尤指内行）才懂的；限于小圈子的,,/ˌɛsəˈtɛrɪk/,,
melancholic,(특히 병적으로) 우울한,忧郁的,,/mɛlənˈkɒlɪk/,,
endow,(학교 등의 기관에 많은 돈을) 기부하다,向（院校、医院等）捐款，捐赠，资助,,/ɪnˈdaʊ/,,
alibi,알리바이,（尤指没有犯罪时间的）不在犯罪现场的证据,,/ˈalɪbʌɪ/,,
induct,취임시키다,使正式就任；正式吸收…为会员；使入门；传授,,/ɪnˈdʌkt/,,
condolence,"애도, 조의",吊唁（词）；哀悼（词）,,/kənˈdəʊl(ə)ns/,,
revile,매도하다,谩骂；辱骂；痛斥,,/rɪˈvʌɪl/,,
fissure,(특히 암석·지면의) 길게 갈라진 틈,（岩石或土地的）裂缝，裂隙,,/ˈfɪʃə/,,
orifice,(특히 인체의) 구멍,（尤指身体的）孔，窍，穴，腔,,/ˈɒrɪfɪs/,,
inchoate,이제 시작 단계인,才开始的；不完全的；未发展完善的,,/ɪnˈkəʊeɪt/,,
sonorous,"(소리가) 듣기 좋은, 낭랑한",（声音）浑厚的,,/ˈsɒn(ə)rəs/,,
immoral,"비도덕적인, 부도덕한",不道德的，道德败坏的,,/ɪˈmɒr(ə)l/,,
fluctuation,"(방향·위치·상황의) 변동, 오르내림; 파동; (사람·마음의) 동요; [pl.] 성쇠, 흥망(ups and downs)",波动，涨落，起伏,记忆技巧：fluctu 波浪 + ation 状态 → 波动，起伏,/ˌflʌktʃʊˈeɪʃ(ə)n/,,
kinesthetic,운동 감각(성)의,运动觉的,,/ˌkinəsˈTHedik/,,
synopsis,(글·희곡 등의) 개요,（电影、书籍等的）概要，梗概，提要,,/sɪˈnɒpsɪs/,,
perfidy,배신,背信弃义（行为）；不忠贞（行为）,,/ˈpəːfɪdi/,,
defunct,(지금은) 현존하지[행해지지/사용되지] 않는,不复存在的；死亡的；失灵的,,/dɪˈfʌŋ(k)t/,,
equitable,"공정한, 공평한",公平合理的；公正的,,/ˈɛkwɪtəb(ə)l/,,
catholic,,广泛的；包罗万象的,,/ˈkaθ(ə)lɪk/,,
chastise,꾸짖다,严厉批评，谴责，斥责,,/tʃaˈstʌɪz/,,
abortive,"무산된, 유산된, 수포로 돌아간",失败的；夭折的；无结果的,,/əˈbɔːtɪv/,,
refute,논박[반박]하다,驳斥；反驳；否认…的正确性（或真实性）,,/rɪˈfjuːt/,,
pusillanimous,"겁 많은, 겁쟁이인",怯懦的，胆小的,,/ˌpjuːsɪˈlanɪməs/,,
apace,"빠른 속도로, 빨리",飞快，迅速,,/əˈpeɪs/,,
impartial,공정한,公正的，无偏见的,,/ɪmˈpɑːʃ(ə)l/,,
enthrall,마음을 사로잡다,迷住，迷恋，出神，叫…感到心醉神驰，使…迷惑不解;奴役，俘虏,,/inˈTHrôl/,,
avouch,진실이라고 단언[언명]하다,保证，担保；断言，公开承认，主张,,/əˈvaʊtʃ/,,
confer,상의하다,（常指为达成行动决议而）商讨，商议，协商,,/kənˈfəː/,,
acquaint,"익히다, 숙지하다",使认识；使了解；使熟悉；使知悉,,/əˈkweɪnt/,,
err,실수를 범하다,犯错误；做错事；出差错,,/əː/,,
perennial,"(아주 오랫동안) 지속되는, 영원한; 계속 반복되는",长期存在的；常年的；不断发生的；反覆的,,/pəˈrɛnɪəl/,,
droll,우스꽝스러운,滑稽可笑的，古怪离奇的,,/drəʊl/,,
rhetoric,미사여구,雄辩言辞；煽动性语言,,/ˈrɛtərɪk/,,
enervate,기력을 떨어뜨리다,使衰弱；使无力；使丧失活力,,/ˈɛnəveɪt/,,
carnage,대학살,（尤指战争中的）大屠杀，残杀,,/ˈkɑːnɪdʒ/,,
truism,뻔한 말[소리],自明之理，不言而喻的话,,/ˈtruːɪz(ə)m/,,
abeyance,"(일시적) 중지, 정지",搁置；暂时中止；暂缓,,/əˈbeɪəns/,,
appraisal,(가치·업적·본질에 대한) 평가[판단],评定；鉴定；估价；评价,,/əˈpreɪz(ə)l/,,
dubiety,"의심스러움, 불확실함",犹豫;怀疑;疑惑,记忆技巧：dubious 怀疑的 + ety 性质，状态 → 怀疑,/djuːˈbʌɪɪti/,,
irascible,화를 잘 내는,易怒的，性情暴躁的,,/ɪˈrasɪb(ə)l/,,
sidle,(주저주저하듯) 옆걸음질 치다,侧身而行；悄悄地走,,/ˈsʌɪd(ə)l/,,
malady,"심각한 문제, 병폐",病，疾病,,/ˈmalədi/,,
congregate,모이다,聚集，集合,,/ˈkɒŋɡrɪɡeɪt/,,
capitulate,(오랫동안 거부하던 것에) 굴복하다,投降；屈服；停止抵抗,,/kəˈpɪtjʊleɪt/,,
aggrandize,"크게 하다, 확대하다(enlarge); 과장하다",扩大…的权势；提高…的地位,,/əˈɡrandʌɪz/,,
discrete,(같은 종류의 다른 것들과) 별개의,独立的，各自的，单独的,,/dɪˈskriːt/,,
apocalypse,(세계의) 파멸,大灾变；大动乱,,/əˈpɒkəlɪps/,,
hiatus,(행동의) 중단,间断，间隙,,/hʌɪˈeɪtəs/,,
hologram,홀로그램(입체 사진술에 의한 입체 화상),全息图，全息影像,,/ˈhɒləɡram/,,
enervated,"활력을 잃은, 무기력한",乏力的;衰弱的;无精打采的,,,,
inhibit,억제[저해]하다,使…拘谨；使…有顾忌,,/ɪnˈhɪbɪt/,,
scheme,"(운영) 계획, 제도",阴谋，诡计,,/skiːm/,,
specious,허울만 그럴 듯한,似是而非的；貌似有理的；虚假的,,/ˈspiːʃəs/,,
anterior,"앞쪽인, 앞의",前部的，前面的；向前的,,/anˈtɪərɪə/,,
canard,"허위 보도, 유언비어",虚假新闻；谎报；假消息,,/kəˈnɑːd/,,
vitiate,(무엇의 효과를) 해치다[떨어뜨리다],毁坏；破坏；削弱,,/ˈvɪʃɪeɪt/,,
adjourn,"(재판·회의 등을) 중단하다, 휴정[휴회]하다",（使）休会；（使）休庭,,/əˈdʒəːn/,,
ameliorate,개선하다,使变好，改善，改进,,/əˈmiːlɪəreɪt/,,
innocuous,악의 없는,无害的,,/ɪˈnɒkjʊəs/,,
levity,"경솔, 경박",消遣；轻率,,/ˈlɛvɪti/,,
bellicose,"호전적인, 싸우기 좋아하는",好战的;好斗的,,/ˈbɛlɪkəʊs/,,
pseudo,"허위의, 가짜의; 모조의",假的；伪的；冒充的,,/ˈsjuːdəʊ/,,
ambulatory,보행의,（病人）不需卧床的，能走动的，晚上不需留院的,,/ˈambjʊlət(ə)ri/,,
fracture,"골절 (부위); 균열, (갈라진) 금",（使）（骨头等硬物）破裂，（使）断裂，（使）折断,,/ˈfraktʃə/,,
judiciary,"법관[판사]들, 사법부",（政府的）司法部；司法制度,,/dʒʊˈdɪʃ(ə)ri/,,
adage,"속담, 격언",谚语；格言,,/ˈadɪdʒ/,,
retrograde,(사태·시대 등에) 역행하는,倒退的；退步的；恶化的,,/ˈrɛtrəɡreɪd/,,
cryptology,"[U] 암호 작성[해독]술; 암호학, 암호 연구",密码术；隐语,,/krɪpˈtɒlədʒi/,,
invidious,부당한; 남의 심기를 건드릴[시샘을 받을],（尤指由于不公）可能招致不满的，易引起反感的,,/ɪnˈvɪdɪəs/,,
commiserate,(화가 났거나 실망한 사람에게) 위로[동정]를 표하다,表示同情（或惋惜）,,/kəˈmɪzəreɪt/,,
belabor,장황하게 논하다,毒打一顿；责骂;就…作过度的说明；向…唠叨;反复研究（或讨论）,记忆技巧：be 加强 + labor 劳动，工作 → 劳作过多 → 过分啰嗦,/bəˈlābər/,,
ascertain,(옳은 정보를) 알아내다[확인하다],弄清，确定，查明,,/ˌasəˈteɪn/,,
mordant,"신랄한, 통렬한",（尤指幽默）尖锐的，尖刻而又风趣的,,/ˈmɔːd(ə)nt/,,
discreet,"신중한, 조심스러운",审慎的，谨慎的，小心的,,/dɪˈskriːt/,,
heterogeneous,여러 다른 종류들로 이뤄진,各种各样的；混杂的,,/ˌhɛt(ə)rə(ʊ)ˈdʒiːnɪəs/,,
cryptic,"수수께끼 같은, 아리송한",神秘的，隐秘的；有隐义的；费解的,,/ˈkrɪptɪk/,,
animosity,"반감, 적대감",仇恨；敌意；憎恶,,/ˌanɪˈmɒsɪti/,,
knell,종소리 ; 조종(弔鐘),终结的预兆，完结的信号（同 death knell）,,/nɛl/,,
inamorata,(여자) 애인,爱人，情人,,/ɪˌnaməˈrɑːtə/,,
impede,(진행을) 지연시키다[방해하다],妨碍，阻碍；阻止,,/ɪmˈpiːd/,,
accrue,"누적되다, 축적되다",积累；（逐渐）增加，增多,,/əˈkruː/,,
disingenuous,솔직하지 못한(특히 아는 것을 모른다고 하는),（人或其行为）不够诚实的，不够坦白的,,/ˌdɪsɪnˈdʒɛnjʊəs/,,
antipodal,"대척지(對蹠地)의, 지구상의 정반대 쪽의",正反对的；对跖的；对踵的；恰恰相反的（to）,,/anˈtɪpəd(ə)l/,,
mellifluous,달콤한[감미로운],声音甜美的；圆润流畅的,,/mɛˈlɪflʊəs/,,
composure,(마음의) 평정,镇静，沉着，泰然自若,,/kəmˈpəʊʒə/,,
centigrade,"<눈금이>  백분도 (百分度) 의 ; <온도계가> 섭씨의(Celsius) ((略 C, c., Cent., cent.))",摄氏温度,,/ˈsɛntɪɡreɪd/,,
renitent,저항[반대]하는; 완강히 반항하는,抵抗压力的;顽强的,,/ˈrɛnɪtnt/,,
captivate,…의 마음을 사로잡다[매혹하다],使着迷；迷住；吸引,,/ˈkaptɪveɪt/,,
controversy,논란,争议；争论；争辩,,/ˈkɒntrəvəːsi/,,
fetter,(남의 자유를) 구속하다,束缚；限制；抑制,,/ˈfɛtə/,,
obsequies,장례식,葬礼仪式,,/ˈɒbsɪkwɪz/,,
reprove,"나무라다, 꾸짖다, 책망하다",责备；斥责；指责,,/rɪˈpruːv/,,
hyperactive,활동 과잉의,好动亢奋的，过度活跃的,,/hʌɪpərˈaktɪv/,,
vicarious,(느낌·경험이) 대리의[간접적인],间接感受到的；间接获得的,,/vɪˈkɛːrɪəs/,,
overture,서곡(序曲),（尤指歌剧的）序曲，前奏曲,,/ˈəʊvətj(ʊ)ə/,,
tinge,(아주 적은 색채를) 더하다[띠게 하다],（颜色或情感的）一丝，少许,,/tɪn(d)ʒ/,,
forage,먹이를 찾다,搜寻；（尤指）觅食,,/ˈfɒrɪdʒ/,,
pedagogue,교사; 남을 가르치기 좋아하는 사람,死板的教师；学究,,/ˈpɛdəɡɒɡ/,,
judicious,"신중한, 판단력 있는",明断的；明智而审慎的,,/dʒuːˈdɪʃəs/,,
attest,증명[입증]하다,表明；证明；证实,,/əˈtɛst/,,
malevolent,"악의 있는, 악의적인",恶意的；恶毒的；有害的,,/məˈlɛv(ə)l(ə)nt/,,
recalcitrant,(규칙·지시에) 저항[반항]하는; 다루기 힘든,（人）不守规章的，桀骜不驯的；（动物）不驯服的,,/rɪˈkalsɪtr(ə)nt/,,
adjoin,"인접하다, 붙어 있다",紧挨；邻接；贴近；毗连,,/əˈdʒɔɪn/,,
recant,(흔히 공식적으로 신념·견해를) 철회하다,公开宣布放弃（以前的信仰）,,/rɪˈkant/,,
fulsome,(칭찬·감사·사과 등이) 지나친[진실성이 안 느껴지는],过分恭维的；谄媚的；言过其实的,,/ˈfʊls(ə)m/,,
bountiful,"많은, 풍부한",（数量）异常大的,,/ˈbaʊntɪfʊl/,,
propitious,(일을 하기에) 좋은[유리한],吉祥的，吉利的,,/prəˈpɪʃəs/,,
hypodermic,피하 주사기,皮下注射的,,/hʌɪpə(ʊ)ˈdəːmɪk/,,
caste,(힌두교 사회의) 카스트[계급],（印度社会的）种姓制度，种姓,,/kɑːst/,,
implacable,"확고한, 바꿀 수 없는",不饶人的；坚定的；无法改变的,,/ɪmˈplakəb(ə)l/,,
abridge,(책·희곡 등을) 요약[축약]하다,删节；节略,,/əˈbrɪdʒ/,,
preeminent,"(…에/…가운데서) 탁월한, 발군의, 걸출한[in /among]; 우위[상위]의; 현저한.",优秀的,记忆技巧：pre 前 + eminent 杰出的，突出的 → 向前突出的 → 杰出的,/prēˈemənənt/,,
conduct,(특정한 활동을) 하다,组织；实施；进行；处理,,/ˈkɒndʌkt/,,
mollify,(사람을) 달래다[진정시키다],使平静；抚慰,,/ˈmɒlɪfʌɪ/,,
arcane,"신비로운, 불가사의한",神秘的；秘密的；晦涩难懂的,,/ɑːˈkeɪn/,,
oblique,(표현이) 완곡한[에두르는/간접적인],斜的；倾斜的,,/əˈbliːk/,,
candor,"[U] 공평무사, 허심 탄회; 솔직, 정직; [고어] 순백; [폐어] 순수성, 순결",坦率，正直，公正；白色；光明,记忆技巧：cand 白；发光 + or 表状态 → 坦白,/ˈkandər/,,
luminary,(특수 분야의) 전문가[권위자],（某一领域的）专家，知名人士,,/ˈluːmɪn(ə)ri/,,
calumny,중상(하는 말),诽谤，诬蔑，中伤,,/ˈkaləmni/,,
appease,달래다,平息；抚慰；绥靖；姑息,,/əˈpiːz/,,
attenuate,"약화시키다, 희석시키다",使减少；使减弱；使降低,,/əˈtɛnjʊeɪt/,,
flambeau,횃불; 장식을 한 큰 촛대,火炬；华丽的大烛台,,/ˈflambəʊ/,,
eccentric,"괴짜인, 별난, 기이한",怪异的，古怪的；异乎寻常的,,/ɪkˈsɛntrɪk/,,
veracity,진실성,真实；诚实；实事求是,,/vəˈrasɪti/,,
insinuation,암시(된 내용),旁敲侧击的话;影射;暗示;旁敲侧击;含沙射影;巧妙进入,,/ɪnsɪnjʊˈeɪʃ(ə)n/,,
intramural,교내의,学校内的,,/ˌɪntrəˈmjʊər(ə)l/,,
journey,(특히 멀리 가는) 여행[여정/이동],（尤指搭乘交通工具的）旅行，行程,,/ˈdʒəːni/,,
segregate,(사람들을 인종·종교·성별에 따라) 분리[차별]하다,（尤指基于种族或性别原因）隔离并差别对待,,/ˈsɛɡrɪɡeɪt/,,
propriety,(행동의 도덕적·사회적) 적절성,（行为）端正，得体，合宜,,/prəˈprʌɪəti/,,
recidivism,상습적 범행,"惯犯;但累犯;再犯;累犯;累犯,惯犯",,/rɪˈsɪdɪvɪz(ə)m/,,
infuriate,극도로 화나게 만들다,使大怒，激怒,,/ɪnˈfjʊərɪeɪt/,,
dither,(결정을 못 내리고) 머무적거리다[망설이다],犹豫不决;踌躇,,/ˈdɪðə/,,
inert,기력이 없는,不动的；不能动的,,/ɪˈnəːt/,,
epoch,(중요한 사건·변화들이 일어난) 시대,（尤指出现新进步和大变革的）时代，纪元，时期,,/ˈiːpɒk/,,
blithe,(하는 일에 대해) 태평스러운,欢乐的，愉快的；无忧无虑的,,/blʌɪð/,,
dour,시무룩한,（通常指人的外表或行为）冷峻的，阴沉的，不苟言笑的,,/ˈdʊə/,,
enmity,"원한, 증오, 적대감",仇恨，怨恨；敌意,,/ˈɛnmɪti/,,
axiom,"자명한 이치, 공리, 격언",（被普遍接受的）公理，原则,,/ˈaksɪəm/,,
benign,"상냥한, 유순한",慈祥的；和善的,,/bɪˈnʌɪn/,,
carnivorous,<동물이> 육식성의; <식물이> 식충성의,(动物)食肉的;(人)爱吃肉的，肉食性的,记忆技巧：carni〔= carn 肉〕+ vor 吃 + ous …的 → 食肉的,/kɑːˈnɪv(ə)rəs/,,
emancipate,(법적·정치적·사회적 제약에서) 해방시키다,解放；给予人们政治或社会自由权利,,/ɪˈmansɪpeɪt/,,
rebarbative,"매력적이 못 되는, 호감이 안 가는",无吸引力的;令人厌恶的,,/rɪˈbɑːbətɪv/,engaging,
homosexual,동성애자(보통 남자),（尤指男性）同性恋者,,/ˌhɒmə(ʊ)ˈsɛkʃʊəl/,,
penury,극빈,赤贫,,/ˈpɛnjʊri/,,
imperious,고압적인,专横的，跋扈的,,/ɪmˈpɪərɪəs/,,
synchronous,동시 발생[존재]하는,同时的,,/ˈsɪŋkrənəs/,,
dejected,"실의에 빠진, 낙담한",沮丧的；失意的；失望的,,/dɪˈdʒɛktɪd/,,
centrist,중도주의자,中间派的；温和派的,,/ˈsɛntrɪst/,,
gullible,"남을 잘 믿는, 잘 속아 넘어가는",容易上当的，易受欺骗的，轻信的,,/ˈɡʌləb(ə)l/,,
propitiate,달래다,使息怒；劝解；抚慰,,/prəˈpɪʃɪeɪt/,,
haphazard,"무계획적인, 되는 대로의",无秩序的，无计划的，随意的,,/hapˈhazəd/,,
impugn,의문을 제기하다,抨击；质疑,,/ɪmˈpjuːn/,,
martinet,(명령·규율에) 아주 엄격한 사람,严格执行规章制度的人,,/ˌmɑːtɪˈnɛt/,,
incipient,막 시작된,刚开始的；早期的,,/ɪnˈsɪpɪənt/,,
foster,"조성하다, 발전시키다",收养，代养，抚育（他人子女，通常指有限的一段时间）,,/ˈfɒstə/,,
incarnation,(특정한 형태로 사는) 생애,（宗教观念中人的）化身,,/ɪnkɑːˈneɪʃ(ə)n/,,
recidivist,상습범,累犯；惯犯,,/rɪˈsɪdɪvɪst/,,
cosmopolitan,(문화의 다양성 면에서) 세계적인[국제적인],来自世界各地的；国际大都会的；世界性的,,/ˌkɒzməˈpɒlɪt(ə)n/,,
dulcimer,덜시머(두 개의 나무망치로 철선을 두드려 소리를 내는 타악기),扬琴；洋琴,,/ˈdʌlsɪmə/,,
eclectic,절충적인; 다방면에 걸친,不拘一格的；相容并蓄的；博采众长的,,/ɪˈklɛktɪk/,,
laudable,(비록 성공하지 못한다 하더라도) 칭찬[감탄]할 만한,（行为）值得赞扬的，值得称赞的,,/ˈlɔːdəb(ə)l/,,
loquacious,말이 많은,健谈的，话多的,,/ləˈkweɪʃəs/,,
prolific,다작하는,作品丰富的；多产的,,/prəˈlɪfɪk/,,
recumbent,누워 있는,躺着的；躺倒的,,/rɪˈkʌmb(ə)nt/,,
craven,"용기 없는, 비겁한",怯懦的，懦弱的，胆小的,,/ˈkreɪv(ə)n/,,
penurious,"몹시 가난한, 극빈한",赤贫的,,/pɪˈnjʊərɪəs/,,
notorious,악명 높은,臭名昭著的，声名狼藉的,记忆技巧：not 知道 + or 表人 + ious 多…的 →〔因做坏事〕让很多人知道 → 恶名昭彰的,/nə(ʊ)ˈtɔːrɪəs/,,
conflagration,"큰불, 대화재",大火，大火灾,,/ˌkɒnfləˈɡreɪʃ(ə)n/,,
hyperbole,과장법,夸张法,,/hʌɪˈpəːbəli/,,
extradite,(범죄인을 그 관할국에) 인도하다,引渡,,/ˈɛkstrədʌɪt/,,
chock-full,꽉 들어찬,充满的，塞满的；挤满的,,/tʃɒkˈfʊl/,,
interloper,침입자,闯入者,,/ˈɪntələʊpə/,,
disparage,폄하하다,贬斥，贬低,,/dɪˈsparɪdʒ/,,
carcinogenic,"발암성의, 암을 유발할",致癌的,,/ˌkɑːs(ɪ)nəˈdʒɛnɪk/,,
phlegmatic,"침착한, 냉정한",冷静的，沉着的，镇定的,,/flɛɡˈmatɪk/,,
odium,증오,憎恨；厌恶,,/ˈəʊdɪəm/,,
serrated,톱니 모양의,锯齿边的,,/səˈreɪtɪd/,,
perspicacious,"명민한, 총기 있는",聪颖的；敏锐的；有洞察力的,,/ˌpəːspɪˈkeɪʃəs/,,
eulogize,칭송하다,歌颂，赞美，称颂,,/ˈjuːlədʒʌɪz/,,
melancholy,(장기적이고 흔히 이유를 알 수 없는) 우울감[비애],忧郁的，忧伤的,,/ˈmɛlənkəli/,,
ambient,주위[주변]의,周围的；（尤指）周围环境条件的,,/ˈambɪənt/,,
claustrophobia,밀실 공포증; 갇혀 있는 듯한 느낌,幽闭恐惧（症）,,/ˌklɔːstrəˈfəʊbɪə/,,
garrulous,"수다스러운, 말이 많은",（尤指对鸡毛蒜皮的事情）喋喋不休的，絮叨的，饶舌的,,/ˈɡar(j)ʊləs/,,
berate,질책하다,严责，训斥,,/bɪˈreɪt/,,
binocular,두 눈으로 보는,同时用双目的；双目并用的,,/bɪˈnɒkjʊlə/,,
celerity,"(행동의) 민첩함, 기민함",速度,,/sɪˈlɛrɪti/,,
fatuous,"어리석은, 얼빠진",愚蠢的；昏庸的；错误的；未经认真考虑的,,/ˈfatjʊəs/,,
diffidence,"[U] 자신이 없음(opp. confidence); 기가 죽음; 삼감, 수줍음(shyness)",无自信；羞怯；内向,,/ˈdɪfɪd(ə)ns/,,
indisputable,"반론의 여지가 없는, 부인할 수 없는",不容置疑的，无可争辩的,,/ɪndɪˈspjuːtəb(ə)l/,,
exhort,"열심히 권하다, 촉구하다",激励；规劝；督促,,/ɪɡˈzɔːt/,,
enigmatic,"수수께끼 같은, 불가사의한",费解的；难以捉摸的；神秘的,,/ˌɛnɪɡˈmatɪk/,,
thrall,노예,控制;奴役;束缚,,/θrɔːl/,,
atypical,이례적인,非典型的；异常的；不同寻常的,,/eɪˈtɪpɪk(ə)l/,,
taciturn,(성격이) 뚱한[말수가 적은/무뚝뚝한],沉默寡言的,,/ˈtasɪtəːn/,,
licentious,"음탕한, 음란한",（尤指人或其行为）淫荡的，放荡的,,/lʌɪˈsɛnʃəs/,,
apocryphal,"출처가 불분명한, 사실이 아닐 듯한",（一些广为流传的故事）可疑的，不足为信的，杜撰的,,/əˈpɒkrɪf(ə)l/,,
reiterate,"(이미 한 말을, 특히 강조하기 위해) 반복하다[되풀이하다]",反复地说，反复讲；重申,,/riːˈɪtəreɪt/,,
preamble,(책의) 서문; (법령 따위의) 전문(前文); (말의) 서두,序论；导言；开场白,,/priːˈamb(ə)l/,,
malicious,"악의적인, 적의 있는",恶意的，恶毒的，意在伤人的,,/məˈlɪʃəs/,,
fortify,(특히 높은 성벽을 쌓아) 요새화하다,（尤指为防御而）加强，增强,,/ˈfɔːtɪfʌɪ/,,
putrid,"부패하는, 썩는; (썩으면서) 악취가 나는",腐烂的，腐坏的,,/ˈpjuːtrɪd/,,
providential,천우신조의,凑巧的；及时的；幸运的,,/prɒvɪˈdɛnʃ(ə)l/,,
flagging,"<정력·결심 등이> 축 늘어지는, 맥이 빠지는; 줄어드는, 쇠약해 가는",变弱的,,/ˈflaɡɪŋ/,,
dormant,"휴면기의, 활동[성장]을 중단한",蛰伏的，沉睡的，休眠的,,/ˈdɔːm(ə)nt/,,
castigate,크게 책망하다; 혹평하다,严厉指责；斥责,,/ˈkastɪɡeɪt/,,
juvenile,청소년의,青少年的,,/ˈdʒuːvənʌɪl/,,
intimate,친(밀)한,亲密的；有性关系的；宜于密切关系的,,/ˈɪntɪmət/,,
erroneous,잘못된 (정보에 의한),错误的，不正确的,,/ɪˈrəʊnɪəs/,,
excrescence,"(동식물에게 생긴 아주 보기 싫은) 이상 성장물[혹], 사마귀",赘生物；赘疣；瘤,,/ɪkˈskrɛs(ə)ns/,,
noxious,"유독한, 유해한",（尤指气体或其他物质）有毒的，有害的,,/ˈnɒkʃəs/,,
enigma,수수께끼 (같은 사람/것/일),令人费解的事物，令人困惑的事物,,/ɪˈnɪɡmə/,,
corps,"군단, 단",特种部队；特殊兵种；军（团）,,/kɔː/,,
careen,(위태롭게) 달리다,歪歪斜斜地疾行；横冲直撞,,/kəˈriːn/,,
barren,"척박한, 황량한",贫瘠的；不毛的,,/ˈbar(ə)n/,,
absolve,(~에 대해) 무죄임[책임 없음]을 선언하다,（尤指宗教或法律上）为（某人）解罪；赦免（某人）的罪；宣告（某人）无罪；免除（某人）的责任,,/əbˈzɒlv/,,
bewitch,"넋을 빼놓다, 홀리다",使着迷；使迷惑,,/bɪˈwɪtʃ/,,
injurious,"손상을 주는[줄 듯한], 해로운[해로울 듯한]",有害的,,/ɪnˈdʒʊərɪəs/,,
strident,(소리가) 귀에 거슬리는[거친],刺耳的，尖厉的,,/ˈstrʌɪd(ə)nt/,,
advocate,(공개적으로) 지지하다[옹호하다],主张；拥护；支持；提倡,,/ˈadvəkət/,,
monochromatic,"단색의, 단채(單彩)의; 단색성의",单色的；单色光的；单频的；单能的,,/mɒnə(ʊ)krəˈmatɪk/,,
verity,진리,真实；事实,,/ˈvɛrɪti/,,
undertone,"숨은 뜻[감정], 함의, 저의",（文章或讲话的）含意，弦外之音；（事件或情况的）蕴含意义,,/ˈʌndətəʊn/,,
stalwart,(특히 정당의) 충실한 일꾼[당원],忠实的，忠诚的；可靠的,,/ˈstɔːlwət/,,
cauterize,(출혈이나 감염을 막기 위해 상처를) 지지다[소작하다],（为给伤口止血或防止感染而）烙，烧灼,,/ˈkɔːtərʌɪz/,,
concur,"동의하다, 의견 일치를 보다",同意，赞成；意见一致,,/kənˈkəː/,,
idiosyncrasy,"특이한 성격[방식], 성벽, 별스러운 점",癖好，怪癖；特征,,/ˌɪdɪə(ʊ)ˈsɪŋkrəsi/,,
dial,(시계계기 등의) 문자반[눈금판],拨号，按号码,,/dʌɪəl/,,
obscure,"잘 알려져 있지 않은, 무명의",无名的；鲜为人知的；默默无闻的,,/əbˈskjʊə/,,
percipient,통찰력 있는,目光敏锐的；洞察力强的,,/pəˈsɪpɪənt/,,
chagrin,"원통함, 분함",（尤指失败或错误引起的）失望，懊丧，懊恼,,/ˈʃaɡrɪn/,,
portentous,(특히 불길한) 전조[징후]가 되는,自命不凡的，自大的；装模作样的,,/pɔːˈtɛntəs/,,
anthropocentric,인간중심주의의,人类中心说的,,/anθrəpə(ʊ)ˈsɛntrɪk/,,
venal,(돈에 쉽게 매수되는) 부패한,（人）贪赃的，腐败的，见利忘义的,,/ˈviːn(ə)l/,,
peevish,짜증[화]을 잘 내는,易怒的，脾气坏的,,/ˈpiːvɪʃ/,,
dulcify,"<기분 등을> 상쾌[평온]하게 하다, 누그러뜨리다",使和好，使愉快，使柔和,,/ˈdʌlsɪfʌɪ/,,
cadaverous,죽은 사람[유령] 같은,死尸般的；惨白的；形容枯槁的,,/kəˈdav(ə)rəs/,,
dogmatic,독단적인,武断的；自以为是的；教条的,,/dɒɡˈmatɪk/,,
indubitably,"의심할 여지없이, 틀림없이",不容置疑地;毫无疑问地,,/ɪnˈdjuːbɪtəbli/,,
epidemic,"유행병, 유행성 (전염병)",（疾病的）流行，传染,,/ɛpɪˈdɛmɪk/,,
hypocrite,위선자,伪君子，伪善者,,/ˈhɪpəkrɪt/,,
bipartisan,양당의,为两党派所支持的；包括两个党派的,,/ˌbʌɪpɑːtɪˈzan/,,
abjure,(신념 등을 공식적으로) 포기하다,公开放弃，声明放弃（信念、行为、活动）,,/əbˈdʒʊə/,,
reminiscent,연상시키는,使回忆起(人或事);回忆过去的;怀旧的;缅怀往事的,,/rɛmɪˈnɪs(ə)nt/,,
antedate,<날짜·시기·시대 등이> …보다 선행하다,早于…存在,,/antɪˈdeɪt/,,
pandemic,전국[전 세계]적인 유행병,（疾病）大规模流行的，广泛蔓延的,,/panˈdɛmɪk/,,
fervid,열렬한,情感异常强烈的;激昂的;充满激情的,记忆技巧：ferv 沸腾；发热 + id 有…性质的 → 热情的，热烈的,/ˈfəːvɪd/,,
clamor,"(군중 등의) 시끄러운 외침, 떠들썩함","扰嚷;(表示抗议,支持等的)叫喊",记忆技巧：clam 呼喊，叫喊 + or 表情况 → 喧哗，吵闹,/ˈklamər/,,
centrifugal,원심(성)의,（旋转的物体）离心的,,/ˌsɛntrɪˈfjuːɡ(ə)l/,,
umbrage,"분하게 여김, 불쾌, 분개",树荫；（成荫的）簇叶,记忆技巧：umbr 影子 + age 表状态 → 树荫；不快〔心中有影子〕,/ˈʌmbrɪdʒ/,,
anthropology,인류학,人类学,,/ˌanθrəˈpɒlədʒi/,,
excursion,(보통 단체로 짧게 하는) 여행,（常指结伴同行的）远足，短程旅行,,/ɪkˈskəːʃ(ə)n/,,
hegemony,"헤게모니, 패권",（尤指国家的）霸权，支配权，领导权,,/hɪˈdʒɛməni/,,
discountenance,"…에 언짢은 표정을 짓다, 무안을 주다; …에 찬성하지 않다, …을 승인하지 않다",,,/dɪsˈkaʊntɪnəns/,,
reproach,"비난, 책망, 나무람",（尤指因为某人没成功或没达到预期目标而）责备，责怪，批评,,/rɪˈprəʊtʃ/,,
indigenous,(어떤 지역) 원산의[토착의],当地的；本土的，土生土长的,,/ɪnˈdɪdʒɪnəs/,,
irritable,짜증을 (잘) 내는; 화가 난,易怒的，暴躁的,,/ˈɪrɪtəb(ə)l/,,
paradoxical,역설의; 자기모순의,似自相矛盾的,,/ˌparəˈdɒksɪk(ə)l/,,
banal,"지극히 평범한, 따분한, 시시한",平庸的，陈腐的,,/bəˈnɑːl/,,
itinerant,(특히 일자리를 찾아) 떠돌아다니는[순회하는],（工作）巡回的，流动的,,/ɪˈtɪn(ə)r(ə)nt/,,
intermittent,"간헐적인, 간간이 일어나는",间歇的，断断续续的,,/ɪntəˈmɪt(ə)nt/,,
succumb,"굴복하다, 무릎을 꿇다",屈从，屈服；放弃抵抗；承认失败,,/səˈkʌm/,,
inveigh,"통렬히 비난하다, 독설을 퍼붓다, 욕설하다 ((against))",猛烈抨击；痛骂,,/ɪnˈveɪ/,,
cubicle,(큰 방 한 쪽을 칸막이 해 만든) 좁은 방,（大房间中分隔出来的）小房间，小隔间,,/ˈkjuːbɪk(ə)l/,,
countenance,얼굴 (표정),面容；脸色；面部表情,,/ˈkaʊnt(ə)nəns/,,
faux pas,"실례, 무례",失言；失礼,,,,
altruist,이타주의자,利他主义者,,/ˈaltruːɪst/,,
arid,매우 건조한,干燥的，干旱的,,/ˈarɪd/,,
chromatic,반음계의,色彩的，颜色的,,/krəˈmatɪk/,,
compatible,호환이 되는,可共存的；协调的；相容的,,/kəmˈpatɪb(ə)l/,,
fell,(잉글랜드 북부 지방의) 언덕[고지],（fall 的过去式）,,/fɛl/,,
acrimonious,"폭언이 오가는, 험악한",激烈的；尖刻的；充满火药味的,,/ˌakrɪˈməʊnɪəs/,,
enrapture,"황홀하게 만들다, 도취시키다",使欣喜若狂;使兴高采烈,,/ɪnˈraptʃə/,,
optimum,최고[최적]의,最优的，最佳的；优化的,,/ˈɒptɪməm/,,
destitute,"극빈한, 궁핍한",一无所有的，赤贫的，一贫如洗的,,/ˈdɛstɪtjuːt/,,
aquatic,"물속[물가]에서 자라는[사는], 수생의",水栖的；水生的；水上的；水中（进行）的,,/əˈkwatɪk/,,
ineffable,형언할 수 없는,（尤指喜悦）言语难以表达的，不可言喻的,,/ɪnˈɛfəb(ə)l/,,
querulous,"불평하는, 짜증내는",爱抱怨的，爱发牢骚的,,/ˈkwɛrʊləs/,,
ostensible,(실제로는 그렇지 않겠지만) 표면적으로는,表面上的；假称的，假托的,,/ɒˈstɛnsɪb(ə)l/,,
pettish,심통[심술]을 부리는,发脾气的(尤因未能遂愿);使性子的,,/ˈpɛtɪʃ/,,
encumber,지장을 주다,使…负担沉重；妨碍，阻碍；拖累,,/ɪnˈkʌmbə/,,
sepulchral,음침한; 장례식[무덤] 같은,暗示死亡的；坟墓似的；阴森森的,,/sɪˈpʌlkr(ə)l/,,
veneration,"[U] 존경; 숭배, 숭상",尊敬,,/vɛnəˈreɪʃ(ə)n/,,
trepidation,(앞일에 대한 굉장한) 두려움[공포],惊恐不安，惴惴不安,,/ˌtrɛpɪˈdeɪʃ(ə)n/,,
abstinence,"(도덕·종교·건강상의 이유로 인한 음식·술·섹스의) 자제, 금욕",节制；戒绝,,/ˈabstɪnəns/,,
morose,"시무룩한, 뚱한",阴郁的；脾气不好的；孤僻的,,/məˈrəʊs/,,
abnegation,자제; 거부,克制;自制;拒绝;放弃,,/abnɪˈɡeɪʃ(ə)n/,,
unanimous,만장[전원]일치의,（团体）意见一致的；（决定或裁决）一致通过的，获得全体支援的,,/juːˈnanɪməs/,,
guile,간교한 속임수,狡诈，奸诈，欺骗,,/ɡʌɪl/,,
embellish,"장식하다, 꾸미다",装饰，修饰；给…锦上添花，渲染,,/ɪmˈbɛlɪʃ/,,
indolence,"게으름, 나태",懒惰;好逸恶劳;怠惰,记忆技巧：in 不 + dol 悲伤 + ence 状态，行为 → 懒惰,/ˈɪnd(ə)l(ə)ns/,,
periphrastic,에두르는,迂回;迂说式;迂回的;语法上迂回的;委婉的,记忆技巧：peri 周围 + phras〔 = phrase词语〕+ tic 有…性质的 → 词语绕圈子 → 冗赘的,/ˌpɛrɪˈfrastɪk/,,
corpulent,뚱뚱한(fat이라는 단어를 피하기 위해 씀),肥胖的，臃肿的,,/ˈkɔːpjʊl(ə)nt/,,
fratricide,형제[자매] 살해죄[범],杀害兄弟罪；杀害同类罪；杀害同胞罪,,/ˈfratrɪsʌɪd/,,
spurious,"거짓된, 겉으로만 그럴싸한",虚假的，欺骗的；（原因、判断）谬误的,,/ˈspjʊərɪəs/,,
errant,(행동이) 잘못된[정도를 벗어난],（尤指离家出走而）犯错的，行为不当的，出格的,,/ˈɛr(ə)nt/,,
burgeoning,<인구 등이> 급증하는; 급성장하는,迅速发展的,,,,
quiescent,"조용한, 잠잠한",（暂时）平静的，静止的,,/kwɪˈɛs(ə)nt/,,
lucid,"명쾌한, 명료한",清晰的，明了的；（人）头脑清醒的，说话清楚的,,/ˈluːsɪd/,,
raillery,(어떤 사람에 대한 악의 없는) 농담,（善意的）戏谑，批评，揶揄,,/ˈreɪləri/,,
aphorism,경구(警句),格言，警句,,/ˈafərɪz(ə)m/,,
succinct,"간단명료한, 간결한",简明的；言简意赅的,,/səkˈsɪŋ(k)t/,,
affiliation,(개인의 정치·종교적) 소속[가입],隶属（关系）；从属关系；联系,,/əfɪlɪˈeɪʃ(ə)n/,,
headlong,"(머리부터) 거꾸로, 곤두박질쳐서",速度很快地；轻率地,,/ˈhɛdlɒŋ/,,
indoctrinate,(사상 등을) 주입[세뇌]하다,向…灌输,,/ɪnˈdɒktrɪneɪt/,,
circumstances,"사정, 상황",条件;环境;状况;境况;境遇;(尤指)经济状况;命运;客观环境,,,,
anarchy,무정부 상태; 난장판,（尤指政府消亡或垮台而引起的）无政府状态，混乱状态,,/ˈanəki/,,
vengeance,"복수, 앙갚음",报仇，复仇，报复；复仇心,,/ˈvɛn(d)ʒ(ə)ns/,,
immoderate,과도한; 터무니없는,过度的；不合理的；极端的,,/ɪˈmɒd(ə)rət/,,
aberration,일탈; 일탈적인 행동[일],（暂时的）脱离常规；反常现象；异常行为,,/ˌabəˈreɪʃ(ə)n/,,
pragmatic,실용적인,讲究实际的，重实效的；实用主义的,,/praɡˈmatɪk/,,
abrogate,(법령·합의 등을) 폐지하다[철폐하다],正式废除，废止；撤销,,/ˈabrəɡeɪt/,,
bursar,(학교의) 회계 담당자,（学校、大学里的）财务主管,,/ˈbəːsə/,,
adjure,"명하다, 요구하다",要求；命令；嘱咐,,/əˈdʒʊə/,,
ardor,"[UC] 열정, 정열, 열심; 열렬, 열중; [U] 작열",热情（心）；灼热,记忆技巧：ard 燃烧 + or 表性质 → 热情；热切,/ˈärdər/,,
fugitive,"도망자, 탈주자",逃亡者，逃犯；难民,,/ˈfjuːdʒɪtɪv/,,
prognosticate,"(전조에 의하여) 예지하다, 예언[예상]하다, 예측하다",（尤指针对特定情形的）预测,,/prɒɡˈnɒstɪkeɪt/,,
arson,방화,（尤指针对建筑物的）纵火（罪），放火（罪）,,/ˈɑːs(ə)n/,,
happily,행복하게; 만족스럽게,高兴地，幸福地,,/ˈhapɪli/,,
affluent,부유한,富裕的；富足的,记忆技巧：af 加强 + flu 流动 + ent 具有…性质的 →〔钱多得〕不断流出 → 富裕的,/ˈaflʊənt/,,
apprehension,"우려, 불안",（对未来或即将发生的不愉快之事的）忧虑，担心；恐惧,,/aprɪˈhɛnʃ(ə)n/,,
harmonious,"사이가 좋은, 조화로운",悦耳的，和谐的,,/hɑːˈməʊnɪəs/,,
oligarchy,"과두제, 과두 정부",寡头统治（的政府）；寡头统治集团,,/ˈɒlɪɡɑːki/,,
compendium,(특정 주제에 대한) 개요서[적요],（尤指以书的形式出现的关于特定主题的）汇编，概要，概略，纲要,,/kəmˈpɛndɪəm/,,
precipitate,(특히 나쁜 일을) 촉발시키다,促成；使突如其来地发生；加速…的发生,,/prɪˈsɪpɪteɪt/,,
diffuse,"널리 퍼진, 분산된",（使）扩散；（使）传播；（使）散布,,/dɪˈfjuːz/,,
dolorous,비통한; 비통해 하는,忧伤的，伤感的,,/ˈdɒl(ə)rəs/,,
suffuse,(온통) 퍼지다[번지다],弥漫于；布满；充满,,/səˈfjuːz/,,
ignoramus,무식한 사람,无知的人,,/ˌɪɡnəˈreɪməs/,,
partisan,편파[당파]적인,（常指盲目）支持的，拥护的；偏袒的,,/ˈpɑːtɪzan/,,
scathing,(비판이) 준열한[통렬한/가차 없는],严厉批评的，尖刻斥责的,,/ˈskeɪðɪŋ/,,
dexterity,(손이나 머리를 쓰는) 재주,纯熟，娴熟；灵巧，敏捷,,/dɛkˈstɛrɪti/,,
credulous,잘 믿는[속는],轻信的；易上当的,,/ˈkrɛdjʊləs/,,
adept,능숙한,擅长的；熟练的；内行的,,/əˈdɛpt/,,
abject,"극도로 비참한, 절망적인",极其苦恼（赤贫，极度恐怖等）,,/ˈabdʒɛkt/,,
collaborate,"협력하다, 공동으로 작업하다",合作；协作,,/kəˈlabəreɪt/,,
gratuity,"행하(行下), 팁",小费，赏钱,,/ɡrəˈtjuːɪti/,,
pedant,(특히 무엇을 배우거나 가르칠 때) 지나치게 규칙을 찾는[세세한 것에 얽매이는] 사람,书呆子，学究,,/ˈpɛd(ə)nt/,,
dictatorial,"독재(자)의, 독재적인",独裁的，专制的；专横的,,/dɪktəˈtɔːrɪəl/,,
induce,"설득하다, 유도하다",诱使；劝说,,/ɪnˈdjuːs/,,
abduct,유괴[납치]하다,绑架；劫持；诱拐,,/əbˈdʌkt/,,
profuse,"많은, 다량의",极其丰富的，充沛的,,/prəˈfjuːs/,,
unstinting,"아낌없는, 아낌없이 주는",极慷慨的，极大方的,,/ʌnˈstɪntɪŋ/,,
dexterous,"손재주가 비상한, 솜씨 좋은",灵巧的;熟练的;敏捷的,记忆技巧：dexter 右边 + ous …的 → 右手比左手灵巧 → 惯用右手的,/ˈdɛkst(ə)rəs/,,
breviloquent,간결한,简明的,,/brɪˈvɪləkwənt/,,
dissipate,소멸되다; 소멸하다[시키다],（使）逐渐消失；（使）逐渐浪费掉,,/ˈdɪsɪpeɪt/,,
amorous,"성관계를 원하는, 육욕적인 애정을 보이는",表示性爱的；色情的,,/ˈam(ə)rəs/,,
despotic,전제[독재]적인; 횡포한,专制的;残暴的;暴虐的,,/dɪˈspɒtɪk/,,
adumbrate,개요를[개략적으로] 알려주다,（尤指对未来的事情）概括说明，勾画轮廓,,/ˈadʌmbreɪt/,,
fortissimo,"포르티시모, 매우 세게",(演奏或歌唱)很强,,/fɔːˈtɪsɪməʊ/,,
sinuous,"(이동 중에 우아하게) 선회하는; 물결 모양의, 구불구불한",蜿蜒的，弯曲的,,/ˈsɪnjʊəs/,,
stoic,"금욕주의자, 극기심이 강한 사람",克制感情的；（尤指面对逆境）坚忍的，隐忍的,,/ˈstəʊɪk/,,
dubious,"의심하는, 미심쩍어 하는",半信半疑的，可疑的；不确定的；不可信的,,/ˈdjuːbɪəs/,,
peremptory,"위압적인, 독단적인",不容置辩的；专横的，霸道的,,/pəˈrɛm(p)t(ə)ri/,,
mea culpa,"메아 쿨파, 내 탓이로소이다",我的过失；我应受谴责；我应负责任,,,,
concentrate,"(정신을) 집중하다[집중시키다], 전념하다",专注，专心；全神贯注；集中（注意力）,,/ˈkɒns(ə)ntreɪt/,,
equivocal,모호한,含糊的；模棱两可的；有歧义的,,/ɪˈkwɪvək(ə)l/,,
acquisitive,소유욕[물욕]이 많은,（对财物）渴望得到的，迫切求取的；贪婪的,,/əˈkwɪzɪtɪv/,,
pellucid,"티 하나 없이 깨끗한[맑은], 투명한",清澈的;清晰的,,/pɪˈl(j)uːsɪd/,,
centipede,지네,蜈蚣，百足虫,,/ˈsɛntɪpiːd/,,
disperse,"(이리저리) 흩어지다, 해산하다; 해산시키다",（使）扩散，（使）散开，（使）分散,,/dɪˈspəːs/,,
subterfuge,속임수,花招，伎俩；诡计,,/ˈsʌbtəfjuːdʒ/,,
heterosexual,이성애자,异性恋者,,/hɛt(ə)rə(ʊ)ˈsɛkʃʊəl/,,
lassitude,노곤함; 무기력,疲惫，疲劳；倦怠,,/ˈlasɪtjuːd/,,
ardent,"열렬한, 열정적인",热烈的；激情的；强烈的,,/ˈɑːd(ə)nt/,,
chortle,(기쁘거나 재미있어서) 깔깔거리다,（常指幸灾乐祸地）哈哈大笑，咯咯地笑,,/ˈtʃɔːt(ə)l/,,
choleric,"화를 잘 내는, 걸핏하면 화를 내는",暴怒的；易怒的，性情暴躁的,,/ˈkɒlərɪk/,,
probity,(완전한) 정직성,诚实,,/ˈprəʊbɪti/,,
auspicious,상서로운,吉利的，吉祥的,,/ɔːˈspɪʃəs/,,
circumvent,(어려움이나 법 등을) 피하다[면하다],（尤指巧妙或非法地）逃避，规避，绕过,,/səːkəmˈvɛnt/,,
persevere,"인내하며[굴하지 않고] 계속하다, 인내심을 갖고 하다",锲而不舍，坚持不懈,,/pəːsɪˈvɪə/,,
aqueduct,송수로[교],（尤指跨越山谷的多拱的）高架渠，渡槽,,/ˈakwɪdʌkt/,,
fable,우화,寓言；寓言故事,,/ˈfeɪb(ə)l/,,
pedestrian,보행자,行人，步行者,,/pɪˈdɛstrɪən/,,
smorgasbord,스모가스보드(온갖 음식이 다양하게 나오는 뷔페식 식사),（包含不同热菜和冷菜的）北欧式自助餐,,/ˈsmɔːɡəsbɔːd/,,
sordid,"비도덕적인, 부정직한, 추악한",肮脏的，邋遢的,,/ˈsɔːdɪd/,,
endogamous,동족 결혼에 의한[에 관한],同族通婚;同族结婚的,,/ɛnˈdɒɡəməs/,,
vacillate,(의견·생각이 남이 볼 때 짜증스러울 정도로) 흔들리다[자꾸 바뀌다],踌躇；犹豫；摇摆不定,,/ˈvasɪleɪt/,,
ring,"전화하다, 전화를 걸다",环（状物）；圆形的东西；环形排列,,/rɪŋ/,,
recur,"<사람·이야기 등이>  되돌아가다 , 회상하다, 되돌아가 말하다 ((to)); 마음에 다시 떠오르다, 회상되다",反复出现；再次发生；重新产生,,/rɪˈkəː/,,
elegiac,애가[비가]의,挽歌（体）的,,/ˌɛlɪˈdʒʌɪək/,,
evident,"분명한, 눈에 띄는",显然易见的；明白的，明显的,,/ˈɛvɪd(ə)nt/,,
recondite,"많이 알려지지 않은, 잘 이해받지 못하는",深奥的；玄妙的；晦涩的,,/ˈrɛk(ə)ndʌɪt/,,
subjugate,"예속시키다, 지배[통제]하에 두다",征服，使臣服，使屈服,,/ˈsʌbdʒʊɡeɪt/,,
infinitesimal,"극미한, 극소의",极微小的,,/ˌɪnfɪnɪˈtɛsɪm(ə)l/,,
aberrant,"도리를 벗어난, 일탈적인",违反常规的；反常的；异常的（尤指不能接受的）,,/əˈbɛr(ə)nt/,,
miserly,구두쇠[수전노]인,守财奴似的；吝啬鬼似的；吝啬的，小气的,,/ˈmʌɪzəli/,,
apogee,"정점, 절정",（成功、流行、权力等的）顶峰，顶点，最高点,,/ˈapədʒiː/,,
conjugal,"부부의, 부부 관계의",婚姻的；夫妻间的（尤指性生活）,,/ˈkɒndʒʊɡ(ə)l/,,
effervescent,"열광하는, 기운이 넘치는",冒泡的；起沫的；泡腾的,,/ɛfəˈvɛsənt/,,
brevet,명예 진급,予以名誉晋升,,/ˈbrɛvɪt/,,
abhor,(특히 도덕적인 이유로) 혐오하다,憎恶；憎恨；厌恶,,/əbˈhɔː/,,
proponent,(어떤 사상·행동 방침의) 지지자,提倡者，宣导者，辩护者,,/prəˈpəʊnənt/,,
pessimistic,비관적인; 비관주의적인,悲观的,,/ˌpɛsɪˈmɪstɪk/,,
desiccate,"건조시키다, <식품을> 물기를 빼서 건물(乾物)[가루]로 보관하다",把…弄干，使干（燥），使完全干燥；使脱水;用干燥法保存（食物），干贮（食物）；晒干；烘干；烤干;使智力枯竭；使…的感情枯竭,记忆技巧：de 去掉 + sicc 干 + ate 表动词 → 脱水；干燥,/ˈdɛsɪkeɪt/,,
proffer,(물건을 잡고) 내밀다[권하다],提供，提出,,/ˈprɒfə/,,
pique,(보통 자존심이 상해서 갖게 되는) 불쾌감[언짢음],（尤指因自尊心受损而产生的）不悦，生气,,/piːk/,,
lexicon,(특정 언어·분야·개인·집단에서 사용하는 모든) 어휘,（某语言或学科的）全部辞汇；词典,,/ˈlɛksɪk(ə)n/,,
ravage,"황폐[피폐]하게 만들다, 유린[파괴]하다",严重破坏；损坏；毁坏,,/ˈravɪdʒ/,,
antebellum,(특히 미국 남북) 전쟁 전의,战前的；尤指美国内战之前的,,/ˌantɪˈbɛləm/,,
counterfeit,"위조의, 모조의",伪造的；仿造的；假冒的,,/ˈkaʊntəfɪt/,,
bacchanalian,"흥청망청 대는, 진탕 마셔 대는",（尤指派对）疯狂地饮酒作乐的,,/ˌbakəˈneɪlɪən/,,
autonomy,자치권,自治，自治权,,/ɔːˈtɒnəmi/,,
disciple,(종교적·정치적 가르침을 따르는) 제자[신봉자],信徒，门徒，追随者,,/dɪˈsʌɪp(ə)l/,,
perfidious,믿을[신뢰할] 수 없는,背信弃义的；不忠贞的,,/pəˈfɪdɪəs/,,
fumigate,훈증 소독하다,（用毒性气体）薰蒸，烟熏（以除害虫或消毒）,,/ˈfjuːmɪɡeɪt/,,
prosaic,"평범한, 상상력이 없는",乏味的；平淡无奇的；缺乏想像力的,,/prə(ʊ)ˈzeɪɪk/,,
demur,이의를 제기하다,提出异议；拒绝,,/dɪˈməː/,,
antidote,해독제,解毒剂；（尤指）解毒药,,/ˈantɪdəʊt/,,
exonerate,무죄임[책임이 없음]을 밝혀 주다,证明…无罪；宣布…无罪；使免受责备,,/ɪɡˈzɒnəreɪt/,,
odious,"끔찍한, 혐오스러운",讨厌的；可恶的，可憎的,,/ˈəʊdɪəs/,,
mendacity,거짓된 행동; 허위,撒谎习惯；说谎,,/mɛnˈdasəti/,,
bombastic,"과장한, 허풍 떠는",夸夸其谈的；夸大的,,/bɒmˈbastɪk/,,
antipathy,(강한) 반감,憎恶，厌恶；反感,,/anˈtɪpəθi/,,
abnormal,비정상적인,反常的；异常的；变态的（尤指不好的）,,/əbˈnɔːm(ə)l/,,
fugue,푸가,赋格曲,,/fjuːɡ/,,
expatiate,"상세히 설명하다[말하다] ((on, upon))",长篇大论；赘述；详述,,/ɪkˈspeɪʃɪeɪt/,,
congenital,선천적인,（疾病等）天生的，先天的,,/kənˈdʒɛnɪt(ə)l/,,
astute,"약삭빠른, 영악한",敏锐的；精明的,,/əˈstjuːt/,,
budding,싹트기 시작하는; 신예의,开始发展的；崭露头角的,,/ˈbʌdɪŋ/,,
fidelity,충실함,（尤指对性伴侣的）忠诚，忠实，忠贞,,/fɪˈdɛlɪti/,,
adherent,(정당·사상 등의) 지지자,黏性的；黏着的；附着的,,/ədˈhɪər(ə)nt/,,
android,안드로이드(인간의 모습을 한 로봇),人型机器人；模拟机器人,,/ˈandrɔɪd/,,
intemperate,무절제한,（人或其言行）无节制的，过激的，放纵的,,/ɪnˈtɛmp(ə)rət/,,
discursive,"두서없는, 산만한",推论的，论证的,,/dɪsˈkəːsɪv/,,
petulant,"심술을 부리는, 심통 사나운",耍孩子脾气的，任性的；脾气暴躁的,,/ˈpɛtjʊl(ə)nt/,,
bemusing,"멍하게 만들다, 어리벙벙하게 하다; 생각에 잠기게 하다",使困惑;使不解;使茫然,,,,
simper,바보같이[멍청하게] 웃다,傻笑，痴笑,,/ˈsɪmpə/,,
confluence,(두 강의) 합류 지점,（河流）汇合处，汇流点,,/ˈkɒnflʊəns/,,
deft,"날랜, 재빠른",熟练的；巧妙的；灵巧的,,/dɛft/,,
wanton,(파괴·위해 행위가) 타당한 이유 없이 고의적인[악의적인],无节制的，过分的，恣意的；不负责的,,/ˈwɒntən/,,
intravenous,"정맥으로 들어가는, 정맥 주사의",进入静脉的；静脉的,,/ˌɪntrəˈviːnəs/,,
conjunction,접속사,连词，连接词,,/kənˈdʒʌŋ(k)ʃ(ə)n/,,
salubrious,"살기 좋은, 건강에 좋은",（地方）环境宜人且有益健康的，宜居的,,/səˈluːbrɪəs/,,
sojourn,체류,逗留，停留,,/ˈsɒdʒ(ə)n/,,
dilatory,미적거리는; 지체시키는,缓慢的，拖延的，迟缓的,,/ˈdɪlət(ə)ri/,,
hypocritical,"위선의, 위선(자)적인",虚伪的；伪善的,,/ˌhɪpəˈkrɪtɪkl/,,
aver,(사실이라고) 단언하다[주장하다],断言；坚称,,/əˈvəː/,,
bilious,곧 토할 것 같은,患胆病的；胆汁分泌过多的,,/ˈbɪlɪəs/,,
docile,"유순한, 고분고분한",温和的；温顺的，驯服的；易控制的,,/ˈdəʊsʌɪl/,,
infringe,위반하다,违反，违背（规定、法律等）,,/ɪnˈfrɪn(d)ʒ/,,
phonetics,음성학,语音学,,/fəˈnɛtɪks/,,
ribald,(우스꽝스럽게) 야한,（指言语）粗俗诙谐的；猥亵逗笑的,,/ˈrɪb(ə)ld/,,
aperture,(작은) 구멍,小孔；缝隙；（尤指照相机的）孔径，光圈,,/ˈapətʃə/,,
antithetical,"대조되는; 정반대의; 대조법의, 대구(對句)의",相反的;对立的;不相容的,记忆技巧：anti 相反；反对 + thet 放置 + ical …的 → 反着放的 → 对立的,/ˌantɪˈθɛtɪk(ə)l/,,
junta,(쿠데타로 정권을 장악한) 군사 정부,（以武力夺取政权的）军政府,,/ˈdʒʌntə/,,
century,100년,一百年,,/ˈsɛntʃʊri/,,
lease,임대차 계약,租借，租用,,/liːs/,,
spellbind,"주문으로 얽매다, 마법[마술]을 걸다; 매혹하다",迷惑[诱惑],,/ˈspɛlbʌɪnd/,,
remonstrate,항의[불평]하다,抗议；反对；抱怨,,/ˈrɛmənstreɪt/,,
awry,(계획 등이) 빗나간[엉망이 된],离开预期方向（的）；出错（的）,,/əˈrʌɪ/,,
concord,화합,协调；和谐；和睦,,/ˈkɒŋkɔːd/,,
derisive,조롱[조소]하는,嘲笑的，讥笑的，嘲讽的,,/dɪˈrʌɪsɪv/,,
subdue,진압하다,压制；制服；控制,,/səbˈdjuː/,,
falsehood,거짓임; 거짓말하기,说谎,,/ˈfɔːlshʊd/,,
respite,"(곤경·불쾌한 일의) 일시적인 중단, 한숨 돌리기",暂停；暂时中止；暂时缓解,,/ˈrɛspʌɪt/,,
benediction,축복(의 기도),向上帝祈福,,/ˌbɛnɪˈdɪkʃ(ə)n/,,
renounce,"(직함·직책 등을 공식적으로) 포기[단념]하다, 포기를 선언하다",声明放弃；宣布放弃；弃绝,,/rɪˈnaʊns/,,
consanguine,"같은 혈족의, 동족의",同血亲的；同宗族的,,/kɒnˈsaŋɡwɪn/,,consanguineous
prognosis,예후(豫後),预后，预断（指医生对病情发展的预测）,,/prɒɡˈnəʊsɪs/,,
homeostasis,항상성,内环境稳定，体内动态平衡（生物、活细胞、组织等，在其外部环境变化的情况下，保持内部不变或平衡状态的能力或趋向）,,/ˌhɒmɪə(ʊ)ˈsteɪsɪs/,,
charade,"가식, 위장",显而易见的作假；明显的伪装,,/ʃəˈrɑːd/,,
counterpart,"(다른 장소나 상황에서 어떤 사람·사물과 동일한 지위나 기능을 갖는) 상대, 대응 관계에 있는 사람[것]",（与不同地方或组织的人或物）作用相同者，相对应者,,/ˈkaʊntəpɑːt/,,
mendacious,"진실을 말하지 않는, 허위인",虚假的，捏造的，不真实的,,/mɛnˈdeɪʃəs/,,
engender,(어떤 감정·상황을) 낳다[불러일으키다],引起（某种感觉）；导致；产生,,/ɪnˈdʒɛndə/,,
centrifuge,원심 분리기,离心机,,/ˈsɛntrɪfjuːdʒ/,,
dogma,"(독단적인) 신조, 도그마",（尤指宗教的）教义，教条，信条,,/ˈdɒɡmə/,,
ration,(전시 같은 경우에 식품연료 등의) 배급량,（尤指在分配物短缺时的）配给量，定量配给,,/ˈraʃ(ə)n/,,
clement,온화한,（指天气）温和的，宜人的,,/ˈklɛm(ə)nt/,,
polyphony,"다성음악, 폴리포니",多声曲；复调音乐,,/pəˈlɪf(ə)ni/,,
enamored,"매혹된, 홀딱 반한, 사랑에 빠진",使倾心，使迷恋,,,,
assay,"금속의 순도 분석, 시금",鉴定，化验，分析（化学物质的纯度）,,/əˈseɪ/,,
spurn,"퇴짜 놓다, 일축하다",轻蔑地拒绝；摒弃,,/spəːn/,,
dudgeon,"화, 분노","生气,不高兴",,/ˈdʌdʒ(ə)n/,,
homogeneous,동종[동질]의,由同类事物（或人）组成的；同类的；相似的,,/ˌhɒmə(ʊ)ˈdʒiːnɪəs/,,
bemused,어리벙벙한,糊涂的；茫然的,,/bɪˈmjuːzd/,,
philanderer,바람둥이 (남자),玩弄女性者，风流男子,,/fɪˈland(ə)rə/,,
lament,애통[한탄/통탄]하다,对…感到悲痛，对…表示失望，痛惜,,/ləˈmɛnt/,,
rationing,배급제도,配给制；定量配给,,,,
cessation,"중단, 중지",结束，停止；中断，中止,,/sɛˈseɪʃ(ə)n/,,
adhere,"들러붙다, 부착되다",黏附；附着,,/ədˈhɪə/,,
doleful,애절한,悲伤的，哀伤的,,/ˈdəʊlfʊl/,,
avert,"방지하다, 피하다",防止，避免,,/əˈvəːt/,,
fawn,엷은 황갈색의,幼鹿,,/fɔːn/,,
orthodox,"정통의, 전통적인",（信仰、观点或活动）正统的，传统的，普遍接受的,,/ˈɔːθədɒks/,,
tyro,초보자,初学者，新手,,/ˈtʌɪrəʊ/,,
neophyte,초보자,新手；初学者,,/ˈniːə(ʊ)fʌɪt/,,
importance,중요성,重要性,,/ɪmˈpɔːt(ə)ns/,,
ersatz,대용[모조]품의,（通常指因为某物过于昂贵或稀有而以其他事物）代用的,,/ˈəːsats/,,
paradigm,전형적인 예[양식],范例，示例,,/ˈparədʌɪm/,,
inclination,(…하려는) 의향[뜻]; 성향,倾向；爱好；意向,,/ɪnklɪˈneɪʃ(ə)n/,,
corroborate,"(진술·이론 등을 뒷받침하는 증거나 정보를) 제공하다, 확증[입증]하다",证实，确证,,/kəˈrɒbəreɪt/,,
fledgling,(막 날기 시작한) 어린 새,（学飞的）幼鸟,,/ˈflɛdʒlɪŋ/,,
anachronism,시대착오적인 사람[관습/생각],时代错误，年代误植，不合时代的人（或物）,,/əˈnakrəˌnɪz(ə)m/,,
synagogue,"유대교 회당, 시너고그",犹太教堂，犹太会堂,,/ˈsɪnəɡɒɡ/,,
placate,(화를) 달래다,平息，安抚,,/pləˈkeɪt/,,
libidinous,"호색의, 육욕적인",性欲强烈的，好色的,,/lɪˈbɪdɪnəs/,,
lull,"(활동 사이의) 잠잠한 시기, 소강상태",使安静，使平和；使发困,,/lʌl/,,
wasp,말벌,黄蜂，蚂蜂,,/wɒsp/,,
diffident,"(자신감이 부족하여) 조심스러운, 소심한",羞怯的，怯生生的,,/ˈdɪfɪd(ə)nt/,,
exacerbate,(특히 질병·문제를) 악화시키다,使恶化；使加重；使加剧,,/ɪɡˈzasəbeɪt/,,
bona fide,"진실된, 진짜의",真的；真实的，非虚假的,,,,
itinerary,여행 일정표,旅行计划，预定行程,,/ʌɪˈtɪn(ə)(rə)ri/,,
rescind,(법률·계약·결정 등을) 폐지[해지/철회]하다,废除；取消；撤销,,/rɪˈsɪnd/,,
doctrinaire,교조적인,教条主义的；脱离实际的,,/ˌdɒktrɪˈnɛː/,,
amicable,"우호적인, 원만한",心平气和的；不伤和气的,,/ˈamɪkəb(ə)l/,,
altruistic,"이타적인(opp. egoistic, selfish)",利他的，无私心的,,/altruːˈɪstɪk/,,
esurient,"게걸스러운, 탐욕스러운(greedy)",饥渴;贪吃;贪婪的,,/ɪˈsjʊərɪənt/,,
reincarnation,환생,轮回转世说,,/ˌriːɪnkɑːˈneɪʃ(ə)n/,,
enchant,황홀하게[넋을 잃게] 만들다,使陶醉；使入迷,,/ɪnˈtʃɑːnt/,,
cloister,(보통 성당·수도원 등의 지붕이 덮인) 회랑,（尤指教堂、修道院等宗教建筑的）回廊,,/ˈklɔɪstə/,,
belittle,하찮게 만들다,轻视；贬低,,/bɪˈlɪt(ə)l/,,
convalescent,요양[회복]의; 요양[회복] 중인,处于康复期的病人,,/kɒnvəˈlɛs(ə)nt/,,
refulgent,환히 빛나는,十分明亮的;灿烂的,记忆技巧：re 一再 + fulg 发光 + ent 具有…性质的 → 不断发光的 → 光辉的,/rɪˈfʌldʒ(ə)nt/,,
tyrannical,"폭군의, 압제적인",残暴的；专制的,,/tɪˈranɪk(ə)l/,,
proselyte,"개종자(改宗者) ((to)); 전향자, 변절자",入教;改宗蛸;犹太教的人;皈依者;改变宗教信仰者,,/ˈprɒsɪlʌɪt/,,
amity,"우호, 친선",友好，和睦,,/ˈamɪti/,,
extricate,(곤란한 상황에서) 해방되다[해방시키다],使摆脱，使脱离；解救,,/ˈɛkstrɪkeɪt/,,
interstice,작은 틈[공간],裂缝；间隙,,/ɪnˈtəːstɪs/,,
endemic,"(특정 지역·집단) 고유의, 고질적인, 풍토적인",（尤指疾病或情况）地方性的；（在某地或某些人中）特有的，流行的,,/ɛnˈdɛmɪk/,,
lax,(일·규칙·기준 등에 대해) 느슨한[해이한],马虎的,,/laks/,,
indigent,궁핍한,十分贫困的，十分贫穷的,,/ˈɪndɪdʒ(ə)nt/,,
courageous,용감한,勇敢的，有胆量的，有勇气的,,/kəˈreɪdʒəs/,,
aversion,"아주 싫어함, 혐오감",厌恶，反感；讨厌的人（或事物）,,/əˈvəːʃ(ə)n/,,
laud,칭찬하다,赞美，赞扬，赞颂,,/lɔːd/,,
laudatory,"칭찬하는, 감탄하는",称赞的，赞扬的，赞美的,,/ˈlɔːdət(ə)ri/,,
incontrovertible,이론[반박]의 여지가 없는,不容置疑的；无可辩驳的,记忆技巧：in 不 + controvert 反驳 + ible …的 → 不容反驳的 → 不容争论的,/ˌɪnkɒntrəˈvəːtɪb(ə)l/,,
recline,(편안하게) 비스듬히 기대다[눕다],（使）斜倚；（使）斜躺；（使）向后倚靠,,/rɪˈklʌɪn/,,
abstain,(투표에서) 기권하다,节制；戒绝（尤指不好的享乐）,,/əbˈsteɪn/,,
forlorn,쓸쓸해 보이는,孤苦伶仃的，孤苦无依的,,/fəˈlɔːn/,,
untoward,(보통 좋지 못한 방향으로) 뜻밖의[별다른],意外的；事与愿违的,,/ʌntəˈwɔːd/,,
infidel,신앙심 없는 자(진정한 종교라고 여겨지는 것을 믿지 않는 사람을 모욕적으로 가리키는 말),（尤被基督徒和穆斯林用来互指）异教徒,,/ˈɪnfɪd(ə)l/,,
discomfit,혼란스럽게[당황하게] 만들다,（尤指在精神上）使感到不舒服，使不安,,/dɪsˈkʌmfɪt/,,
vitriolic,독설에 찬,愤怒的;恶意的;尖酸刻薄的,,/ˌvɪtrɪˈɒlɪk/,,
mercenary,용병,唯利是图的，贪财的,,/ˈməːsɪn(ə)ri/,,
ravaged,파괴된,毁坏;损坏;严重损害,,/ˈravɪdʒd/,,
holistic,전체론의,整体的，全面的,,/həʊˈlɪstɪk/,,
audacious,대담한,大胆的；敢于冒险的；鲁莽的；放肆的,,/ɔːˈdeɪʃəs/,,
epithet,(칭찬이나 비판의 의도로 붙인) 별칭[묘사],（通常指在褒贬人时使用的）表述形容词，修饰语,,/ˈɛpɪθɛt/,,
astonishment,깜짝[크게] 놀람,惊愕；惊讶,,/əˈstɒnɪʃmənt/,,
congruent,"크기와 형태가 동일한, 합동의",（数学图形）全等的,,/ˈkɒŋɡrʊənt/,,
abnegate,"<권리 등을> 버리다; <쾌락 등을> 끊다, 자제하다",克制；不容自己享受…,,/ˈabnɪɡeɪt/,,
churlish,"막된, 무례한",粗鲁无礼的，粗野的；不友好的；令人讨厌的,,/ˈtʃəːlɪʃ/,,
penultimate,끝에서 두 번째의,倒数第二的,,/pɪˈnʌltɪmət/,,
didactic,교훈적인,教训的，说教的,,/dɪˈdaktɪk/,,
din,(오래 계속되는 크고 불쾌한) 소음,喧嚣，嘈杂声,,/dɪn/,,
mishap,작은 사고[불행],厄运；不幸事故,,/ˈmɪshap/,,
adulterate,(음식이나 음료에) 불순물을 섞다,（在饮食中）掺杂，掺假,,/əˈdʌltəreɪt/,,
gibe,"놀려대다, 비웃다, 우롱하다, 조롱하다(jeer) ((at)), 웃음거리로 만들다",（jibe的另一种拼法）,,/dʒʌɪb/,,
mordacious,"물고 늘어지는, 무는 버릇이 있는",咬的;刻薄的;辛辣的;锐利的,,/mɔːˈdeɪʃəs/,,
anomalous,"변칙의, 이례적인",异常的;反常的,,/əˈnɒm(ə)ləs/,,
accolade,"포상, 칭찬",赞美，赞赏；荣誉，嘉奖,,/ˈakəleɪd/,,
vexing,"성가신, 귀찮은; 짜증나게 하는, 애태우는",使恼火;使烦恼;使忧虑,,/ˈvɛksɪŋ/,,
gabelle,세금(tax),税；（法国1789年大革命前的）盐税,,,,
lethargic,"기면(嗜眠)성[증]의; 혼수(상태)의; 무기력한, 활발하지 못한; 둔감한",萎靡不振的，无精打采的；懒散的，倦怠的,,/lɪˈθɑːdʒɪk/,,
mesmerize,"최면을 걸듯 마음을 사로잡다, 완전 넋을 빼놓다",迷住；迷惑,,/ˈmɛzmərʌɪz/,,
disinclination,내키지 않음; 열의 부족,厌恶，不情愿,,/ˌdɪsɪnklɪˈneɪʃ(ə)n/,,
recreant,"용기 없는, 비겁한",怯懦的,,/ˈrɛkrɪənt/,,
baneful,사악한,邪恶的;引起灾祸的,,/ˈbeɪnfəl/,,
connotation,함축(된 의미),内涵意义；隐含意义；联想意义,,/kɒnəˈteɪʃ(ə)n/,,
exclaim,"소리치다, 외치다",（因吃惊、害怕、喜悦等）呼喊，惊叫,,/ɪkˈskleɪm/,,
dictum,"격언, 금언",格言，隽语,,/ˈdɪktəm/,,
threnody,"비가(悲歌), 애가(哀歌)",挽歌;哀歌;悲诗;哀悼,,/ˈθrɛnədi/,,
polity,정치적 조직체,政治组织,,/ˈpɒlɪti/,,
cavil,트집을 잡다,无端指责；挑剔，吹毛求疵,,/ˈkav(ə)l/,,
covetous,"탐내는, 갈망하는",（尤指对属于别人的东西）贪求的，垂涎的,,/ˈkʌvɪtəs/,,
meridian,자오선,子午线，经线,,/məˈrɪdɪən/,,
lugubrious,침울한,忧伤的，忧郁的，悲伤的,,/lʊˈɡuːbrɪəs/,,
augur,(상서로운 또는 상서롭지 못한) 전조[조짐]가 되다,预示，是…的预兆,,/ˈɔːɡə/,,
contention,"논쟁, 언쟁",争论；纷争；口角,,/kənˈtɛnʃ(ə)n/,,
apathy,무관심,无兴趣，懈怠；（尤指对重要事情的）漠不关心，无动于衷,,/ˈapəθi/,,
pillory,(남들이 보는 데서) 강력히 비판하다,严厉抨击；（尤指）公开批评,,/ˈpɪləri/,,
renege,(약속·합의 등을) 어기다[저버리다/취소하다],违背（诺言）；违约；背信,,/rɪˈneɪɡ/,,
legitimate,"정당한, 타당한, 적당한",合法的，正当的，法律允许的,,/lɪˈdʒɪtɪmət/,,
deferential,"경의를 표하는, 공손한(respectful)",尊重的，尊敬的，恭敬的,,/dɛfəˈrɛnʃ(ə)l/,,
fractious,"성[짜증]을 잘 내는, 괴팍한",易怒的；暴躁的,,/ˈfrakʃəs/,,
circuitous,빙 돌아가는,迂回的，绕行的,,/səːˈkjuːɪtəs/,,
gyrate,"빙빙 돌다, 선회하다; (특히 신체 일부를) 빙빙 돌리다",（通常指很快地）旋转，回旋，转动,,/dʒʌɪˈreɪt/,,
egregious,지독한,（错误等）极其严重的，极坏的，令人震惊的,,/ɪˈɡriːdʒəs/,,
encomium,찬사,赞词，颂词,,/ɛnˈkəʊmɪəm/,,
impecunious,"동전 한 푼 없는, 무일푼의",没钱的，贫穷的,,/ˌɪmpɪˈkjuːnɪəs/,,
synonym,"동의어, 유의어",同义词，近义词,记忆技巧：syn 共同 + onym 名称，名字 → 同名 → 同义词,/ˈsɪnənɪm/,,
digress,"주제에서 벗어나다, 다른 말을 하기 시작하다",离题，跑题,,/dʌɪˈɡrɛs/,,
