word,ko,zh,pron_us,pron_uk
unrivaled,"경쟁자[상대]가 없는, 무적의, 무쌍의, 비할 데 없는",,,
serendipity,뜻밖의 재미[기쁨],（偶然發現有趣或珍貴之物的）機緣，幸運,ˌser.ənˈdɪp.ə.ti,ˌser.ənˈdɪp.ə.ti
cursive,필기체인,草書的；連筆的,ˈkɜː.sɪv,ˈkɜː.sɪv
exhume,(특히 검시를 위해 시체를) 파내다[발굴하다],（從墳墓中）掘出（屍體）,eksˈhjuːm,eksˈhjuːm
talisman,(행운을 가져다준다고 여겨지는) 부적(符籍),護身符；避邪物,ˈtæl.ɪz.mən,ˈtæl.ɪz.mən
inane,어리석은; 무의미한,極其愚蠢的；無意義的；無聊的,ɪˈneɪn,ɪˈneɪn
concentric,"중심이 같은, 동심원의",（指圓）同心的,kənˈsen.trɪk,kənˈsen.trɪk
abatement,"감소, 감퇴; 경감, 완화; (가격·세 등의) 경감액",,,
anathema,"절대 반대(하는 것), 아주 싫은 것",令人討厭的事物,əˈnæθ.ə.mə,əˈnæθ.ə.mə
acclaim,"칭송하다, 환호를 보내다",（公開的）稱譽；讚賞；歡迎,əˈkleɪm,əˈkleɪm
flagrant,"노골적인, 명백한",駭人聽聞的；公然的；罪惡昭彰的,ˈfleɪ.ɡrənt,ˈfleɪ.ɡrənt
chicanery,교묘한 속임수,詭辯；詭計；欺詐,ʃɪˈkeɪ.nər.i,ʃɪˈkeɪ.nər.i
depraved,(도덕적으로) 타락한[부패한],道德敗壞的，墮落的，惡毒的,dɪˈpreɪvd,dɪˈpreɪvd
hike,"하이킹, (장거리) 도보 여행",（尤指鄉間的）遠足，長途健行,haɪk,haɪk
distaste,"불쾌감, 혐오감",厭惡，討厭，不喜歡,dɪsˈteɪst,dɪsˈteɪst
peruse,숙독[정독]하다,隨便翻閱；瀏覽,pəˈruːz,pəˈruːz
fusillade,연속 사격; 빗발치는 것,（子彈的）齊射，連發,ˌfjuː.zɪˈleɪd,ˌfjuː.zɪˈleɪd
riposte,(특히 비판에 대한 기지 있는) 응수[반격],機敏的回答；巧妙的應對,rɪˈpɒst,rɪˈpɒst
conjecture,추측(한 내용),推測；猜測；猜想；臆斷,kənˈdʒek.tʃər,kənˈdʒek.tʃər
mercurial,변덕스러운,多變的，反覆無常的,mɜːˈkjʊə.ri.əl,mɜːˈkjʊə.ri.əl
acumen,(일에 대한) 감각,敏銳；精明,ˈæk.jə.mən,ˈæk.jə.mən
fallacy,(많은 사람들이 옳다고 믿는) 틀린 생각,謬見，謬論，謬誤,ˈfæl.ə.si,ˈfæl.ə.si
intransigent,"고집스러운, 비협조적인",固執的，不妥協的，不讓步的,ɪnˈtræn.sɪ.dʒənt,ɪnˈtræn.sɪ.dʒənt
ludicrous,터무니없는,愚蠢可笑的；荒謬的,ˈluː.dɪ.krəs,ˈluː.dɪ.krəs
articulate,(생각감정을) 분명히 표현하다[설명하다],能表達清楚的，善於表達的；口齒伶俐的，有口才的,ɑːˈtɪk.jə.lət,ɑːˈtɪk.jə.lət
incursion,급습,（尤指跨越邊境的）侵入，侵犯,ɪnˈkɜː.ʒən,ɪnˈkɜː.ʒən
vindictive,"앙심을 품은, 보복을 하려는",想復仇的；報復性的；懷恨在心的,vɪnˈdɪk.tɪv,vɪnˈdɪk.tɪv
perfunctory,형식[의무/습관]적인,草率的；馬虎的；敷衍的,pəˈfʌŋk.tər.i,pəˈfʌŋk.tər.i
allegory,"우화, 풍자",寓言；諷喻,ˈæl.ə.ɡə.ri,ˈæl.ə.ɡə.ri
fiduciary,(자산) 신탁의,信託的；信用的,fɪˈdʒuː.ʃi.ə.ri,fɪˈdʒuː.ʃi.ə.ri
rebuke,"힐책[질책]하다, 꾸짖다",斥責；指責；訓斥,rɪˈbjuːk,rɪˈbjuːk
sardonic,"가소롭다는 듯한, 냉소적인, 조소하는",譏諷的，冷嘲的，輕蔑的,sɑːˈdɒn.ɪk,sɑːˈdɒn.ɪk
agitate,(특히 법적·사회적 사항 등의 변경을 강력히) 주장하다[요구하다],使焦慮；使躁動不安,ˈædʒ.ɪ.teɪt,ˈædʒ.ɪ.teɪt
platitude,진부한 이야기[의견],陳腔濫調；老生常談,ˈplæt.ɪ.tjuːd,ˈplæt.ɪ.tjuːd
rue,후회하다,對…感到懊悔；對…感到後悔；因為…感到遺憾,ruː,ruː
feigned,"거짓의, 허위의; 꾸민",,,
dilettante,"딜레탕트, 호사가",一知半解者；半吊子；業餘愛好者,ˌdɪl.əˈtæn.ti,ˌdɪl.əˈtæn.ti
lackadaisical,"부주의한, 태만한",無精打采的，萎靡不振的，不熱心的,ˌlæk.əˈdeɪ.zɪ.kəl,ˌlæk.əˈdeɪ.zɪ.kəl
forfend,"막다, 방지하다",,,
deficient,(필수적인 것이) 부족한[결핍된],缺乏的，缺少的,dɪˈfɪʃ.ənt,dɪˈfɪʃ.ənt
novitiate,수사[수녀] 수련 기간,,,
hemistich,"(고대 영시의) 반행(半行), 불완전행(行)",,,
ancillary,보조적인,輔助的，補充的；附屬的，附加的,ænˈsɪl.ər.i,ænˈsɪl.ər.i
refuge,"피난(처), 피신(처), 도피(처)",避難（所）；庇護（所）；慰藉,ˈref.juːdʒ,ˈref.juːdʒ
waver,"약하다, 약해지다, (불안정하게) 흔들리다[떨리다]",（尤指暫時地）動搖,ˈweɪ.vər,ˈweɪ.vər
lavatory,변기; 화장실,廁所，衛生間,ˈlæv.ə.tər.i,ˈlæv.ə.tər.i
forestall,미연에 방지하다,預先阻止；先發制人,fɔːˈstɔːl,fɔːˈstɔːl
archenemy,"최대의 적, 대적(大敵); (때로 the archenemy) 사탄(Satan), 마왕, 악마(Devil).",,,
ephemeral,"수명이 짧은, 단명하는",短暫的，極短的；轉瞬即逝的,ɪˈfem.ər.əl,ɪˈfem.ər.əl
apostasy,"[UC] 배교(背敎), 배신(背信); 변절, 탈당",叛教；變節；脫黨,əˈpɒs.tə.si,əˈpɒs.tə.si
iconology,도상학,,,
autocrat,"전제 군주, 독재자",獨裁者；專制者；獨斷專行的人；專橫的人,ˈɔː.tə.kræt,ˈɔː.tə.kræt
progeny,(사람·동식물의) 자손,（人或動植物的）後代，後裔,ˈprɒdʒ.ə.ni,ˈprɒdʒ.ə.ni
rancor,"[UC] (깊은) 원한, 유감; 적의, 악의; 증오",,,
palliate,(병을 치료하지는 않고) 증상만 완화시키다,減輕負面影響,ˈpæl.i.eɪt,ˈpæl.i.eɪt
avaricious,"탐욕스러운, 욕심 많은(greedy)",,,
dexter,오른쪽의,,,
reimburse,배상[변제]하다,償還；付還；補償,ˌriː.ɪmˈbɜːs,ˌriː.ɪmˈbɜːs
atrophy,(혈액 부족으로 인한 신체 부위의) 위축(증),（身體部位）萎縮；衰退,ˈæt.rə.fi,ˈæt.rə.fi
hapless,"불운한, 불행한",不幸運的；不愉快的,ˈhæp.ləs,ˈhæp.ləs
pertinent,(특정한 상황에) 적절한[관련 있는],有關的，直接相關的,ˈpɜː.tɪ.nənt,ˈpɜː.tɪ.nənt
incision,(특히 외과 수술 중의) 절개,（尤指手術的）切口,ɪnˈsɪʒ.ən,ɪnˈsɪʒ.ən
trenchant,정곡을 찌르는,（批評或意見）尖銳的，尖刻的，犀利的,ˈtren.tʃənt,ˈtren.tʃənt
raucous,"요란하고 거친, 시끌벅적한",（聲音）刺耳的，尖厲的,ˈrɔː.kəs,ˈrɔː.kəs
​​agnostic,불가지론자,,,
incumbent,(공적인 직위의) 재임자,現任的；在職的,ɪnˈkʌm.bənt,ɪnˈkʌm.bənt
credo,신조,信條；信念；教義,ˈkreɪ.dəʊ,ˈkreɪ.dəʊ
equivocate,"얼버무리다, 모호하게 말하다",（尤指爲隱瞞真相而）說模稜兩可的話，含糊其詞,ɪˈkwɪv.ə.keɪt,ɪˈkwɪv.ə.keɪt
fallacious,"잘못된, 틀린",錯誤的，謬誤的,fəˈleɪ.ʃəs,fəˈleɪ.ʃəs
refractory,"다루기 힘든, (행실이) 불량한",不應的，難治的,rɪˈfræk.tər.i,rɪˈfræk.tər.i
foreshadow,"전조가 되다, 조짐을 나타내다",是…的預兆，預示,fɔːˈʃæd.əʊ,fɔːˈʃæd.əʊ
herbivorous,초식성(草食性)의(cf. CARNIVOROUS),,,
unctuous,(말·행동이) 번지르르한,諂媚的；虛情假意的,ˈʌŋk.tʃu.əs,ˈʌŋk.tʃu.əs
ignominy,"불명예, 수치",恥辱，侮辱,ˈɪɡ.nə.mɪ.ni,ˈɪɡ.nə.mɪ.ni
opaque,불투명한,不透明的；不透光的,əʊˈpeɪk,əʊˈpeɪk
belligerent,"적대적인, 공격적인",好鬥的；挑釁的,bəˈlɪdʒ.ər.ənt,bəˈlɪdʒ.ər.ənt
alias,"…라는 가명으로 알려진, 일명 …라 불리는",又名，亦名；化名為,ˈeɪ.li.əs,ˈeɪ.li.əs
equanimity,"(특히 힘든 상황에서의) 침착, 평정",（尤指處於震驚、失望或困境時的）鎮靜，沈著，冷靜,ˌek.wəˈnɪm.ə.ti,ˌek.wəˈnɪm.ə.ti
labyrinth,미로,迷宮；曲徑,ˈlæb.ə.rɪnθ,ˈlæb.ə.rɪnθ
perhaps,"아마, 어쩌면",或許，可能,pəˈhæps,pəˈhæps
apostle,사도(예수 열두 제자 중 한 사람),（信仰或政治運動的）宣導者，鼓吹者，先驅,əˈpɒs.əl,əˈpɒs.əl
affix,"부착하다, 붙이다",使固定；附上；黏上；貼上,əˈfɪks,əˈfɪks
precipice,벼랑,懸崖，峭壁,ˈpres.ɪ.pɪs,ˈpres.ɪ.pɪs
microcosm,"소우주, (더 큰 것의) 축소판",縮影；微觀世界,ˈmaɪ.krəʊˌkɒz.əm,ˈmaɪ.krəʊˌkɒz.əm
affidavit,선서 진술서,（法庭上作證用的）書面證詞,ˌæf.əˈdeɪ.vɪt,ˌæf.əˈdeɪ.vɪt
chronometer,크로노미터(특히 항해 때 쓰는 정밀 시계),精密時計,krəˈnɒm.ɪ.tər,krəˈnɒm.ɪ.tər
susceptible,민감한,易受影響的，易受傷害的,səˈsep.tə.bəl,səˈsep.tə.bəl
hector,위협하다,威嚇,ˈhek.tər,ˈhek.tər
redress,(부당하거나 잘못된 것을) 바로잡다[시정하다],糾正，矯正；補償，向…賠償損失,rɪˈdres,rɪˈdres
proliferate,"급증하다, (빠르게) 확산되다",激增,prəˈlɪf.ər.eɪt,prəˈlɪf.ər.eɪt
denounce,맹렬히 비난하다,（公開）譴責，痛斥,dɪˈnaʊns,dɪˈnaʊns
harangue,장광설을 늘어놓다,長篇大論地演說；斥責,həˈræŋ,həˈræŋ
truculent,"반항적인, 약간 공격적인",易怒的；好鬥的；尋釁的,ˈtrʌk.jə.lənt,ˈtrʌk.jə.lənt
synchronize,동시에 발생하다[움직이다]; 동시에 발생하게[움직이게] 하다,（使）同步，（使）同時發生,ˈsɪŋ.krə.naɪz,ˈsɪŋ.krə.naɪz
euphonious,듣기 좋은,悅耳的，動聽的,juːˈfəʊ.ni.əs,juːˈfəʊ.ni.əs
aspersion,"비난, 비방, 중상",,,
rebel,반역자,（試圖武裝推翻國家政治制度的）反抗者，造反者,ˈreb.əl,ˈreb.əl
insidious,서서히[은밀히] 퍼지는,暗中為害的；潛伏的,ɪnˈsɪd.i.əs,ɪnˈsɪd.i.əs
languid,(움직임이) 힘없는[느릿느릿한]; 나른한,慢悠悠的，悠閒自在的,ˈlæŋ.ɡwɪd,ˈlæŋ.ɡwɪd
cascade,작은 폭포,小瀑布（常指瀑布群的分支）,kæsˈkeɪd,kæsˈkeɪd
abash,[보통 수동형으로] 무안하게 하다; 당황하게 하다,,,
holocaust,(특히 전쟁·화재로 인한) 대참사[대파괴],大屠殺，大毀滅，浩劫,ˈhɒl.ə.kɔːst,ˈhɒl.ə.kɔːst
expiate,속죄하다,贖（罪）；補償；彌補,ˈek.spi.eɪt,ˈek.spi.eɪt
whim,"(일시적인) 기분, 변덕",突然的念頭，衝動,wɪm,wɪm
bewilder,어리둥절하게[혼란스럽게] 만들다,使迷惑，使糊塗；難住,bɪˈwɪl.dər,bɪˈwɪl.dər
defamation,"중상, 명예 훼손",,,
contradict,"(어떤 사람의 말을) 부정[부인]하다, 반박하다",反駁，否定；（事實或聲明）（與…）相矛盾，（與…）有抵觸,ˌkɒn.trəˈdɪkt,ˌkɒn.trəˈdɪkt
minatory,"협박하는, 위협적인",,,
acerbic,"가혹한, 신랄한",尖刻的；辛辣的,əˈsɜː.bɪk,əˈsɜː.bɪk
acquit,무죄를 선고하다,宣判…無罪,əˈkwɪt,əˈkwɪt
hinder,"저해[방해]하다, …을 못하게 하다",阻礙，妨礙,ˈhɪn.dər,ˈhɪn.dər
chromosome,염색체,染色體,ˈkrəʊ.mə.səʊm,ˈkrəʊ.mə.səʊm
condign,적절한,,,
rejoinder,"응수, 답변",回答；反駁,rɪˈdʒɔɪn.dər,rɪˈdʒɔɪn.dər
intersperse,(…속에·사이에) 배치하다,無規律地混入；散佈；點綴,ˌɪn.təˈspɜːs,ˌɪn.təˈspɜːs
teeter,(넘어질 듯이) 불안정하게 서다[움직이다],搖晃，搖搖欲墜；蹣跚行走,ˈtiː.tər,ˈtiː.tər
pulchritudinous,몸매[외모]가 아름다운,,,
facetious,"경박한, 까부는",（尤指不問場合）好開玩笑的；滑稽的，詼諧的,fəˈsiː.ʃəs,fəˈsiː.ʃəs
adroit,(특히 대인 관계에서) 노련한,精明的；幹練的；機敏的；靈巧的,əˈdrɔɪt,əˈdrɔɪt
terse,(예의에 어긋날 정도로) 간결한[간단한],簡短生硬的；簡要的,tɜːs,tɜːs
confide,(비밀을) 털어놓다,吐露，傾訴（秘密）,kənˈfaɪd,kənˈfaɪd
authoritarian,"권위주의적인, 독재적인",獨裁的；專制的,ˌɔː.θɒr.ɪˈteə.ri.ən,ˌɔː.θɒr.ɪˈteə.ri.ən
deluge,"폭우, 호우",暴雨；洪水,ˈdel.juːdʒ,ˈdel.juːdʒ
millennium,(특히 예수 탄생을 기준으로 그 전후의) 천년,一千年，千周年；千周年紀念日,mɪˈlen.i.əm,mɪˈlen.i.əm
anecdote,일화,（尤指關於某人的）趣聞，軼事,ˈæn.ɪk.dəʊt,ˈæn.ɪk.dəʊt
annuity,연금,（通常指一直付到某人死亡的）年金；年金保險；年金保險投資,əˈnjuː.ə.ti,əˈnjuː.ə.ti
cogent,설득력 있는,（論據或理由）令人信服的，有說服力的，強而有力的,ˈkəʊ.dʒənt,ˈkəʊ.dʒənt
zeal,"열의, 열성",熱忱，熱情；激情,ziːl,ziːl
engaging,"호감이 가는, 매력적인",令人愉快的；有吸引力的；迷人的,ɪnˈɡeɪ.dʒɪŋ,ɪnˈɡeɪ.dʒɪŋ
egress,"떠남, 나감",出，外出；出口，出路,ˈiː.ɡres,ˈiː.ɡres
legible,"읽을[알아볼] 수 있는, 또렷한",（筆跡或字體）清晰的，易讀的，清楚的,ˈledʒ.ə.bəl,ˈledʒ.ə.bəl
hegemonic,"지배하는, 패권을 장악한",,,
verbose,장황한,囉嗦的；冗長的，累贅的,vɜːˈbəʊs,vɜːˈbəʊs
ingratiate,환심을 사다,,,
meander,구불구불하다,（河流、道路等）蜿蜒，迂迴曲折,miˈæn.dər,miˈæn.dər
prodigal,(돈·시간·에너지·물자를) 낭비하는,非常浪費的，奢侈的,ˈprɒd.ɪ.ɡəl,ˈprɒd.ɪ.ɡəl
cautery,[U] [의학] 소작(법); 뜸술; [C] 소작제; 소작기,,,
indelible,잊을[지울] 수 없는,洗不掉的；無法去除的,ɪnˈdel.ə.bəl,ɪnˈdel.ə.bəl
inscrutable,(사람·표정이) 불가해한[헤아리기 어려운],（尤指人或其表情）高深莫測的，難以捉摸的,ɪnˈskruː.tə.bəl,ɪnˈskruː.tə.bəl
beneficent,"도움을 주는, 선을 베푸는; 친절한",行善的；慈善的,bəˈnef.ɪ.sənt,bəˈnef.ɪ.sənt
caustic,"가성의, 부식성의",苛性的，腐蝕性的,ˈkɔː.stɪk,ˈkɔː.stɪk
volatile,변덕스러운,不穩定的；易變的；易怒的，喜怒無常的,ˈvɒl.ə.taɪl,ˈvɒl.ə.taɪl
androgen,"안드로겐, 남성호르몬",,,
androgynous,양성(兩性)의 특징을 가진; 중성 같은,沒有明顯性別區分的；男女不分的；兼有兩性特徵的,ænˈdrɒdʒ.ən.əs,ænˈdrɒdʒ.ən.əs
euphony,"듣기 좋은 음조(opp. cacophony); [언어] 활(滑)음조, 음운 변화",,,
rejuvenate,"다시 젊어 보이게[젊은 기분이 들게] 하다, 활기를 되찾게 하다",使年輕；使恢復活力；使青春煥發,rɪˈdʒuː.vən.eɪt,rɪˈdʒuː.vən.eɪt
obloquy,악평,公開的嚴厲批評（或責駡）,ˈɒb.lə.kwi ,ˈɒb.lə.kwi 
disclaim,"(무엇에 대해 모르거나 책임이 없다고) 말하다, (책임 등을) 부인하다",聲明拒絕承擔（責任）；否認,dɪˈskleɪm,dɪˈskleɪm
bemoan,한탄하다,抱怨；悲嘆,bɪˈməʊn,bɪˈməʊn
disburse,(특정 목적을 위해 모은 돈에서) 지출하다,撥（款）；拿出（一部分資金）,dɪsˈbɜːs,dɪsˈbɜːs
preponderance,(수적으로) 우세함[더 많음],優勢；多數,prɪˈpɒn.dər.əns,prɪˈpɒn.dər.əns
tendentious,"과격한, 극단적인",（演講或文章）有強烈傾向的；有偏見的,tenˈden.ʃəs,tenˈden.ʃəs
plethora,"과다, 과잉",過多，過剩,ˈpleθ.ər.ə,ˈpleθ.ər.ə
dissipated,방탕한,放蕩的，花天酒地的,ˈdɪs.ɪ.peɪ.tɪd,ˈdɪs.ɪ.peɪ.tɪd
myriad,"무수함, 무수히 많음",無數，極大數量,ˈmɪr.i.əd,ˈmɪr.i.əd
bleak,"암울한, 절망적인",（地方）荒涼的；淒涼的,bliːk,bliːk
amiable,"쾌활한, 정감 있는",和藹可親的，親切的；令人愉悅的；友好的,ˈeɪ.mi.ə.bəl,ˈeɪ.mi.ə.bəl
proclivity,(흔히 좋지 못한) 성향,癖性；（尤指壞的）傾向,prəˈklɪv.ə.ti,prəˈklɪv.ə.ti
oscillate,(감정·행동이 양극을) 계속 오가다,來回擺動；震動；震盪,ˈɒs.ɪ.leɪt,ˈɒs.ɪ.leɪt
facsimile,"복제, 복사",（尤指文件的）摹本，複製本,fækˈsɪm.əl.i,fækˈsɪm.əl.i
affable,"상냥한, 사근사근한",和藹可親的；友善的；容易交談的,ˈæf.ə.bəl,ˈæf.ə.bəl
conciliate,"달래다, 회유하다",安撫；撫慰；調停；和解,kənˈsɪl.i.eɪt,kənˈsɪl.i.eɪt
effluence,"(광선·전기·액체 등의) 내뿜음, 발산, 방출, 흘러나옴(outflow)",,,
culprit,범인,過失者；責任人,ˈkʌl.prɪt,ˈkʌl.prɪt
defile,(신성하거나 중요한 것을) 더럽히다,玷污，褻瀆，糟蹋,dɪˈfaɪl,dɪˈfaɪl
graphite,"그래파이트, 흑연",石墨,ˈɡræf.aɪt,ˈɡræf.aɪt
circumlocution,에둘러[우회적으로] 말하기,（尤指對不好的事情的）迂迴曲折的說法；婉轉語，遁詞,ˌsɜː.kəm.ləˈkjuː.ʃən,ˌsɜː.kəm.ləˈkjuː.ʃən
monarchy,군주제,君主國,ˈmɒn.ə.ki,ˈmɒn.ə.ki
dignitary,고위 관리,要人，顯要人物，要員,ˈdɪɡ.nɪ.tər.i,ˈdɪɡ.nɪ.tər.i
dystrophy,영양 실조[장애],,,
distaff,(손으로 양털을 자을 때 쓰던) 실패,,,
torpid,"무기력한, 활기[열의] 없는",不活潑的；（尤指因懶惰或睏倦）遲鈍的，呆滯的,ˈtɔː.pɪd,ˈtɔː.pɪd
decadence,"타락, 퇴폐",墮落，頹廢，腐朽,ˈdek.ə.dəns,ˈdek.ə.dəns
impetuous,"성급한, 충동적인",衝動的，魯莽的,ɪmˈpetʃ.u.əs,ɪmˈpetʃ.u.əs
copious,"엄청난 (양의), 방대한",大量的，豐富的；過量的,ˈkəʊ.pi.əs,ˈkəʊ.pi.əs
juvenilia,(작가·화가의) 젊은 시절 작품,（藝術家成名之後出版或被發現的）少年時期作品,ˌdʒuː.vəˈnɪl.i.ə,ˌdʒuː.vəˈnɪl.i.ə
equity,(한 회사의) 자기 자본; (자산의) 순수 가치,（公司的）股本，股票值；股票,ˈek.wɪ.ti,ˈek.wɪ.ti
ascetic,금욕적인,（常指因宗教原因）苦行的，禁慾的，過清苦生活的,əˈset.ɪk,əˈset.ɪk
junction,"(도로·선로의) 교차로, 나들목",聯結點；樞紐；（公路的）交叉口；（鐵路）聯絡車站,ˈdʒʌŋk.ʃən,ˈdʒʌŋk.ʃən
syllabus,교수요목,教學大綱，課程大綱,ˈsɪl.ə.bəs,ˈsɪl.ə.bəs
lexicographer,사전 편찬자,詞典編纂者,ˌlek.sɪˈkɒɡ.rə.fər,ˌlek.sɪˈkɒɡ.rə.fər
salacious,"외설스러운, 음란한",淫穢的；好色的；淫蕩的,səˈleɪ.ʃəs,səˈleɪ.ʃəs
credulity,쉽게[잘] 믿음,輕信,krəˈdʒuː.lə.ti,krəˈdʒuː.lə.ti
belle,미인; (특정한 장소의) 최고 미인,美人,bel,bel
noisome,(극도로) 역겨운[고약한],極令人不快的；令人厭惡的,ˈnɔɪ.səm,ˈnɔɪ.səm
obstinate,"고집 센, 완강한",頑固的，固執的；倔強的,ˈɒb.stɪ.nət,ˈɒb.stɪ.nət
courier,운반[배달]원; 택배 회사,（遞送重要書信或文件的）信差 ，遞送員,ˈkʊr.i.ər,ˈkʊr.i.ər
referendum,"국민 투표, 총선거",（就重大政治或社會問題進行的）全民公決，全民公投,ˌref.əˈren.dəm,ˌref.əˈren.dəm
pardon,뭐라고요(상대방의 말을 알아듣지 못했을 때 다시 말해 달라는 뜻으로 하는 말),原諒，寬恕（常用於禮貌的表達方式）,ˈpɑː.dən,ˈpɑː.dən
collide,"충돌하다, 부딪치다",（尤指移動的物體）相撞，碰撞,kəˈlaɪd,kəˈlaɪd
incandescent,백열성의,白熾的，白熱的,ˌɪn.kænˈdes.ənt,ˌɪn.kænˈdes.ənt
vouch,<사물이> <…의 진실성[확실성·신뢰성]을> 보증[보장]하다 ((for)),擔保；證明；作證,vaʊtʃ,vaʊtʃ
hyperglycemia,고(高)[과(過)]혈당(증).,,,
deflect,(특히 무엇에 맞고 난 뒤) 방향을 바꾸다[바꾸게 하다],（使）轉向，（使）偏斜,dɪˈflekt,dɪˈflekt
subaqueous,"물속에 있는, 수중(용)의, 수중에서 일어나는",,,
candid,솔직한,（尤指對棘手或令人痛苦之事）率直的，坦誠的，直言不諱的,ˈkæn.dɪd,ˈkæn.dɪd
abstruse,난해한,難解的；深奧的,æbˈstruːs,æbˈstruːs
curtail,축소[삭감/단축]시키다,制止；減少；縮減；限制,kəˈteɪl,kəˈteɪl
chronology,연대순; 연대표,按事件發生的年代排列的順序；（大事）年表,krəˈnɒl.ə.dʒi,krəˈnɒl.ə.dʒi
countermand,(특히 다른 주문을 함으로써 앞의 주문을) 철회하다,取消，撤回（命令）；重新發布（命令）,ˌkaʊn.təˈmɑːnd,ˌkaʊn.təˈmɑːnd
deviate,,,,
opprobrium,(대중의) 맹비난,譴責；抨擊；討伐；責難,əˈprəʊ.bri.əm,əˈprəʊ.bri.əm
occlude,(…을) 가리다[막다],使…阻塞,əˈkluːd,əˈkluːd
obviate,(문제·필요성을) 제거[배제]하다,排除，消除；使無必要,ˈɒb.vi.eɪt,ˈɒb.vi.eɪt
wraith,(사람의 사망 직전·직후에 나타나는) 유령,鬼魂；幽靈,reɪθ,reɪθ
anthology,"(시)선집, 문집",（藝術作品的）選集；（常指）精選集,ænˈθɒl.ə.dʒi,ænˈθɒl.ə.dʒi
confiscatory,몰수[압수]의; <세금 등을> 심하게 징수하는; 몰수와 마찬가지의,,,
antediluvian,아주 구식인,早已過時的，十分老式的,ˌæn.ti.dɪˈluː.vi.ən,ˌæn.ti.dɪˈluː.vi.ən
jocose,"익살스러운, 유머러스한",滑稽的；幽默的；詼諧的,dʒəˈkəʊs,dʒəˈkəʊs
munificent,대단히 후한,慷慨的，大方的,mjuːˈnɪf.ɪ.sənt,mjuːˈnɪf.ɪ.sənt
influx,(많은 사람·자금·물건이) 밀어닥침[밀려듦],湧進；匯集,ˈɪn.flʌks,ˈɪn.flʌks
kismet,"숙명, 운명",,,
exalt,(때로는 자격이 없는 사람을) 승격[격상]시키다,晉升；提拔,ɪɡˈzɒlt,ɪɡˈzɒlt
epidermis,(피부의) 표피[상피],表皮,ˌep.ɪˈdɜː.mɪs,ˌep.ɪˈdɜː.mɪs
timorous,겁이 많은,羞怯的；膽小的，膽怯的,ˈtɪm.ər.əs,ˈtɪm.ər.əs
remission,(병의) 차도,（疾病的）緩解期，減輕期,rɪˈmɪʃ.ən,rɪˈmɪʃ.ən
pernicious,치명적인(특히 그 영향이 서서히 알아차리기 힘들게 진행되는 경우),極其有害的；惡性的；惡劣的,pəˈnɪʃ.əs,pəˈnɪʃ.əs
exculpate,무죄를 입증[선언]하다,為…開脫；證明…無罪,ˈek.skəl.peɪt,ˈek.skəl.peɪt
diurnal,주행성의,在一天內發生的；白天發生的；晝行性的,ˌdaɪˈɜː.nəl,ˌdaɪˈɜː.nəl
journal,"(특정 주제나 전문 분야를 다루는) 신문[잡지], 저널, 학술지",雜誌，期刊；報紙,ˈdʒɜː.nəl,ˈdʒɜː.nəl
paradox,역설적인 사람[것/상황],自相矛盾的情況；似非而是的說法，悖論；詭論,ˈpær.ə.dɒks,ˈpær.ə.dɒks
filial,(부모에 대한) 자식의,子女的,ˈfɪl.i.əl,ˈfɪl.i.əl
macabre,(죽음이나 다른 무서운 것과 관련되어) 섬뜩한[으스스한],（與死亡或暴力有關而）恐怖的，可怕的，令人毛骨悚然的,məˈkɑː.brə,məˈkɑː.brə
moribund,소멸[절멸] 직전의,（尤指組織或公司）無生氣的，停滯不前的，失敗的,ˈmɒr.ɪ.bʌnd,ˈmɒr.ɪ.bʌnd
waspish,"성질이 더러운, 화를 잘 내는",尖刻的，刻毒的；暴躁的，易怒的,ˈwɒs.pɪʃ,ˈwɒs.pɪʃ
defer,"미루다, 연기하다",使延期，使延緩，推遲,dɪˈfɜːr,dɪˈfɜːr
abhorrence,(특히 도덕적인 이유에 의한) 혐오,憎惡；憎恨；厭惡,əˈbɒr.əns,əˈbɒr.əns
detestation,"아주 싫어함, 혐오, 증오(hatred)",,,
eloquent,"웅변[연설]을 잘 하는, 유창한",雄辯的，有說服力的,ˈel.ə.kwənt,ˈel.ə.kwənt
verdict,(배심원단의) 평결,（根據事實作出的）意見，決定；（尤指）判決，裁決,ˈvɜː.dɪkt,ˈvɜː.dɪkt
mundane,"재미없는, 일상적인",世俗的；單調的；平凡的,mʌnˈdeɪn,mʌnˈdeɪn
iconoclast,"우상 파괴자, 인습 타파주의자",反傳統信仰者；反傳統者,aɪˈkɒn.ə.klæst,aɪˈkɒn.ə.klæst
homonym,동철 (동음) 이의어(‘…할 수 있는’의 뜻을 나타내는 can과 ‘통조림으로 만들다’는 뜻의 can처럼 철자는 같으나 뜻은 다른 단어. 발음도 동일할 수 있음),同形（或同音）異義詞,ˈhɒm.ə.nɪm,ˈhɒm.ə.nɪm
euphemism,완곡 어구[표현],委婉語，委婉說法,ˈjuː.fə.mɪ.zəm,ˈjuː.fə.mɪ.zəm
melodious,"듣기 좋은, 음악 같은",旋律優美的，悅耳的,məˈləʊ.di.əs,məˈləʊ.di.əs
eerily,"무시무시하게, 무서워하여; 불가사의하게",,,
apothegm,"경구, 격언",,,
attenuant,희석하는,,,
brevity,간결성,簡短，簡潔；短暫,ˈbrev.ə.ti,ˈbrev.ə.ti
incessant,"끊임없는, 쉴새없는",連續不斷的，沒完沒了的,ɪnˈses.ənt,ɪnˈses.ənt
amphibian,양서류 (동물),兩棲動物,æmˈfɪb.i.ən,æmˈfɪb.i.ən
turgid,복잡하고 따분한[이해하기 힘든],（講話、寫作、風格等）太嚴肅的，枯燥乏味的,ˈtɜː.dʒɪd,ˈtɜː.dʒɪd
gabby,"수다스러운, 말이 많은",,,
architect,건축가,建築師,ˈɑː.kɪ.tekt,ˈɑː.kɪ.tekt
misanthropic,사람을 싫어하는,厭惡人類的；遁世的，不與他人交往的,ˌmɪs.ənˈθrɒp.ɪk,ˌmɪs.ənˈθrɒp.ɪk
largess,"아낌없이 줌; (아낌없이 주어진) 선물, 축의(祝儀).",,,
bolster,"북돋우다, 강화[개선]하다",支撐；加固；提高；改善,ˈbəʊl.stər,ˈbəʊl.stər
humility,겸손,謙遜，謙恭,hjuːˈmɪl.ə.ti,hjuːˈmɪl.ə.ti
dyslexia,"난독증, 독서 장애",（因無法分清字形而造成的）讀寫障礙,dɪˈslek.si.ə,dɪˈslek.si.ə
precursor,선도자(격인 사람·사물),先驅，先鋒；先兆，前兆,ˌpriːˈkɜː.sər,ˌpriːˈkɜː.sər
canny,(특히 재계·정계에서) 약삭빠른[영리한],（尤指在生意或財務方面）精明的，機靈的,ˈkæn.i,ˈkæn.i
decay,"부패, 부식",腐蝕；（使）衰敗，（使）衰弱,dɪˈkeɪ,dɪˈkeɪ
jocund,"명랑한, 쾌활한",高興的；快樂的；愉快的,ˈdʒɒk.ənd,ˈdʒɒk.ənd
effulgent,"찬란히 빛나는, 눈부신",,,
sustenance,"(음식·물 등) 생명을 건강하게 유지시켜 주는 것, 자양물",食物,ˈsʌs.tən.əns,ˈsʌs.tən.əns
abolish,(법률·제도·조직을) 폐지하다,廢除，廢止,əˈbɒl.ɪʃ,əˈbɒl.ɪʃ
incisive,(사물 인식 능력이) 예리한[날카로운],銳利的；深刻的,ɪnˈsaɪ.sɪv,ɪnˈsaɪ.sɪv
lectern,"(책 등을 받치는) 독서대, (교회의) 성서대",斜面講桌,ˈlek.tən,ˈlek.tən
fatuity,"어리석음, 우둔",,,
fraternal,공제(共濟)의(사상·이해관계가 같은 개인·집단이 서로 돕기 위한 것),兄弟的，手足的,frəˈtɜː.nəl,frəˈtɜː.nəl
reproof,"책망, 나무람",責備；斥責；指責,rɪˈpruːf,rɪˈpruːf
bicentennial,"200년간 계속되는, 200년마다의",,,
cum laude,우등으로(미국 대학 학위 취득자 우등 등급의 세 번째 등급),（拉丁語）以優等成績畢業（美國大學優等學位榮譽中的第三等）,ˌkʊm ˈlaʊ.deɪ,ˌkʊm ˈlaʊ.deɪ
reprehend,"꾸짖다, 나무라다, 비난하다(blame)",,,
archaic,"낡은, 폐물이 된",古老的，古代的；原始的,ɑːˈkeɪ.ɪk,ɑːˈkeɪ.ɪk
spartan,"검소하고 엄격한, 스파르타식의",簡樸的，清苦的；斯巴達式的,ˈspɑː.tən,ˈspɑː.tən
equidistant,등거리의,等距的,ˌek.wɪˈdɪs.tənt,ˌek.wɪˈdɪs.tənt
antiseptic,소독제[약],防腐劑；（尤指）殺菌劑，消毒劑,ˌæn.tiˈsep.tɪk,ˌæn.tiˈsep.tɪk
disjointed,"연결이 안 되는, 일관성이 없는",（尤指詞語或想法）不連貫的，沒有條理的，雜亂無章的,dɪsˈdʒɔɪn.tɪd,dɪsˈdʒɔɪn.tɪd
chasten,"잘못을 깨닫게 하다, 훈계하다",懲戒；磨煉；教訓,ˈtʃeɪ.sən,ˈtʃeɪ.sən
amoral,도덕관념이 없는,毫無道德觀念的；沒有道德的,ˌeɪˈmɒr.əl,ˌeɪˈmɒr.əl
inherent,내재하는,內在的；固有的，生來就有的,ɪnˈher.ənt,ɪnˈher.ənt
callow,"미숙한, 풋내기인",（尤指年輕人）幼稚的；不自信的；不諳世事的,ˈkæl.əʊ,ˈkæl.əʊ
harbinger,(흔히 좋지 않은 일이 곧 일어날) 조짐,（尤指壞事的）先兆，預兆,ˈhɑː.bɪn.dʒər,ˈhɑː.bɪn.dʒər
curt,퉁명스러운,（態度或說話）簡短失禮的，唐突的，草率的,kɜːt,kɜːt
dissect,(인체·동식물을) 해부[절개]하다,解剖（尤指屍體或植物）,daɪˈsekt,daɪˈsekt
descry,(불현듯) 보게 되다,,,
abet,(나쁜 일을) 사주하다[교사하다],教唆，唆使，慫恿；夥同…作案,əˈbet,əˈbet
askance,"의심[불신]의 눈으로; 옆으로, 비스듬히; 곁눈으로; 빗대어, 어물어물",,,
thesaurus,유의어 사전,同義詞詞典,θɪˈsɔː.rəs,θɪˈsɔː.rəs
pithy,간결하나 함축적인,（講話或寫作）言簡意賅的，簡潔有力的,ˈpɪθ.i,ˈpɪθ.i
bilateral,"쌍방의, 쌍무적인",雙邊的，雙方的,ˌbaɪˈlæt.ər.əl,ˌbaɪˈlæt.ər.əl
infallible,결코 틀리지[실수하지] 않는,不可能錯誤的；永無過失的；不會犯錯誤的,ɪnˈfæl.ə.bəl,ɪnˈfæl.ə.bəl
euthanasia,안락사,安樂死,ˌjuː.θəˈneɪ.ʒə,ˌjuː.θəˈneɪ.ʒə
infusion,(어떤 것을 더 강하게·성공적이 되게 하기 위한) 투입,注入；灌輸,ɪnˈfjuː.ʒən,ɪnˈfjuː.ʒən
harried,"몹시 곤란을 겪는, 어찌할 바를 모르는.",,,
carom,(…에) 부딪쳐[맞고] 튀어나오다,,,
ingenuous,"순진한, 천진한, 사람을 잘 믿는",天真的；胸無城府的,ɪnˈdʒen.ju.əs,ɪnˈdʒen.ju.əs
dichotomy,"양분(兩分), 이분(二分)",一分為二，對立,daɪˈkɒt.ə.mi,daɪˈkɒt.ə.mi
fey,"약간 특이한, 비현실적인 데가 있는",神秘古怪的；故弄玄虛的,feɪ,feɪ
turpitude,대단히 부도덕한 행위,邪惡；墮落,ˈtɜː.pɪ.tʃuːd,ˈtɜː.pɪ.tʃuːd
reclaim,(분실하거나 빼앗긴 물건 등을) 되찾다[돌려 달라고 하다],取回；拿回；收回,rɪˈkleɪm,rɪˈkleɪm
duress,"협박, 압력",威脅，脅迫,dʒuˈres,dʒuˈres
vindicate,(특히 남들은 달리 생각할 때) …의 정당성을 입증하다,證明…正確；證明…是真的,ˈvɪn.dɪ.keɪt,ˈvɪn.dɪ.keɪt
rent,"집세, 방세, 지대, 임차료",租金；租費,rent,rent
disconsolate,암담한,沮喪的，鬱鬱寡歡的,dɪˈskɒn.səl.ət,dɪˈskɒn.səl.ət
relax,(즐기는 일을 하면서) 휴식을 취하다[느긋이 쉬다],（使）放鬆，（使）輕鬆；（使身體部位）鬆弛，放鬆,rɪˈlæks,rɪˈlæks
preclude,"(~로 하여금 ~하지) 못하게 하다, (~가 ~하는 것을) 불가능하게 하다",排除，防止，杜絕；阻礙,prɪˈkluːd,prɪˈkluːd
predilection,(…을) 매우 좋아함,偏愛，偏好,ˌpriː.dɪˈlek.ʃən,ˌpriː.dɪˈlek.ʃən
idiom,"관용구, 숙어",習語，成語，慣用語,ˈɪd.i.əm,ˈɪd.i.əm
assuage,(안 좋은 감정을) 누그러뜨리다[달래다],緩和；減輕；平息,əˈsweɪdʒ,əˈsweɪdʒ
extol,극찬[격찬]하다,讚揚；讚頌；讚美,ɪkˈstəʊl,ɪkˈstəʊl
incognito,"자기 신분을 숨기고, 가명[익명]으로",隱姓埋名地，隱藏身分地,ˌɪn.kɒɡˈniː.təʊ,ˌɪn.kɒɡˈniː.təʊ
dissemble,"(진짜 감정·의도를) 숨기다, 가식적으로 꾸미다",掩蓋，掩飾（動機、感情、真相等）,dɪˈsem.bəl,dɪˈsem.bəl
slake,(물을 마셔) 갈증을 해소하다,滿足,sleɪk,sleɪk
acidulous,신맛이 나는,,,
chronic,만성적인,（尤指疾病或不好的事物）慢性的，長期的,ˈkrɒn.ɪk,ˈkrɒn.ɪk
admonish,"꾸짖다, 책망하다",告誡；警告；責備,ədˈmɒn.ɪʃ,ədˈmɒn.ɪʃ
agnostic,불가지론자,不可知論者（對神存在與否不能肯定或認為不可知）,æɡˈnɒs.tɪk,æɡˈnɒs.tɪk
sectarian,종파(宗派)의,（人）派系的，教派性的，（尤指）排斥其他信仰的；有門戶之見的,sekˈteə.ri.ən,sekˈteə.ri.ən
chaste,(육체적으로) 순결한,純潔的；貞潔的,tʃeɪst,tʃeɪst
eon,,極長的時期；萬古,ˈiː.ɒn,ˈiː.ɒn
scion,(특히 명문가의) 자손,豪門望族的後裔，富家子弟,ˈsaɪ.ən,ˈsaɪ.ən
auspice,"[보통 pl.] 원조, 찬조, 보호(patronage)",,,
duplicity,"이중성, 표리부동",欺騙；（尤指）搞兩面派,dʒuˈplɪs.ə.ti,dʒuˈplɪs.ə.ti
ontology,존재론,本體論,ɒnˈtɒl.ə.dʒi,ɒnˈtɒl.ə.dʒi
certitude,확신,確定；確信,ˈsɜː.tɪ.tʃuːd,ˈsɜː.tɪ.tʃuːd
extrapolate,(…을 기반으로) 추론[추정]하다,推斷；推知,ɪkˈstræp.ə.leɪt,ɪkˈstræp.ə.leɪt
perjury,위증죄,偽證罪,ˈpɜː.dʒər.i,ˈpɜː.dʒər.i
carousal,"흥청거림, 큰 술잔치[연회]",,,
sanguine,"낙관적인, 자신감이 넘치는",樂觀的，樂天的,ˈsæŋ.ɡwɪn,ˈsæŋ.ɡwɪn
consummate,(결혼식 후) 첫날밤을 치르다[성관계를 하다],完美無缺的；圓滿的,ˈkɒn.sə.mət,ˈkɒn.sə.mət
mainstay,(무엇의 존재·성공을 가능하게 하는) 중심[대들보/기둥],,,
conducive,~에 좋은(어떤 일이 일어나기 쉽게 한다는 의미로),有利的，有助的，有益的,kənˈdʒuː.sɪv,kənˈdʒuː.sɪv
aviation,항공(술),航空（學）；飛行（術）；航空工業,ˌeɪ.viˈeɪ.ʃən,ˌeɪ.viˈeɪ.ʃən
bromide,브롬화물(과거엔 진정제로 쓰였음),溴化物鎮靜劑,ˈbrəʊ.maɪd,ˈbrəʊ.maɪd
dilate,"확장[팽창]하다[시키다], 키우다[커지다]",（使身體的一部分）擴張，展開,daɪˈleɪt,daɪˈleɪt
accelerant,"촉진제, 촉매",,,
mitigate,완화[경감]시키다,使緩和；減輕（危害等）,ˈmɪt.ɪ.ɡeɪt,ˈmɪt.ɪ.ɡeɪt
magnanimous,(특히 적이나 경쟁자에게) 도량이 넓은[너그러운],（對敵人或失敗者）寬宏大量的，大度的,mæɡˈnæn.ɪ.məs,mæɡˈnæn.ɪ.məs
seminal,(앞으로 전개될 일에) 중대한[영향력이 큰],具有開拓性的；有深遠影響的,ˈsem.ɪ.nəl,ˈsem.ɪ.nəl
avid,(흔히 취미에) 열심인[열렬한],渴望的；急切的；熱衷的；幹勁十足的,ˈæv.ɪd,ˈæv.ɪd
cadaver,"시체, 사체",屍體，死屍,kəˈdæv.ər,kəˈdæv.ər
tantamount,(나쁜 효과가) ~와 마찬가지의[~에 상당하는],,,
heterodox,이설[이교]의,（信仰、想法或活動）非正統的，異端的,ˈhet.ər.ə.dɒks,ˈhet.ər.ə.dɒks
leash,"(개 등을 매어 두는) 가죽끈[줄], 사슬",（牽狗等動物用的）繩索，鏈子,liːʃ,liːʃ
insipid,맛[풍미]이 없는,無味的；無特色的；無生氣的；乏味的,ɪnˈsɪp.ɪd,ɪnˈsɪp.ɪd
bereave,(가족·친지와[를]) 사별하다[여의다],,,
gregarious,"남과 어울리기 좋아하는, 사교적인",（人）愛交際的，不喜獨處的,ɡrɪˈɡeə.ri.əs,ɡrɪˈɡeə.ri.əs
accede,(요청·제의 등에) 응하다,,,
aggregate,"합계, 총액",聚集體，集成體；總數，合計,ˈæɡ.rɪ.ɡət,ˈæɡ.rɪ.ɡət
dauntless,불굴의,決然的；無畏的,ˈdɔːnt.ləs,ˈdɔːnt.ləs
prolix,장황한,冗長的；囉唆的；好長篇大論的,ˈprəʊ.lɪks,ˈprəʊ.lɪks
plaintive,(소리가) 애처로운[구슬픈],傷感的,ˈpleɪn.tɪv,ˈpleɪn.tɪv
undulating,"물결 모양의, 올라갔다 내려갔다 하는",,,
decelerate,(차량의) 속도를 줄이다,（使）降低速度；（使）減速,ˌdiːˈsel.ər.eɪt,ˌdiːˈsel.ər.eɪt
prescient,선견지명[예지력]이 있는,預知的，有預知能力的，有先見之明的,ˈpres.i.ənt,ˈpres.i.ənt
antibody,항체,抗體,ˈæn.tiˌbɒd.i,ˈæn.tiˌbɒd.i
objurgate,"꾸짖다, 책망하다, 비난하다",,,
zealot,"(특히 종교·정치에) 열성적인 사람, 열성분자, 광신자",狂熱者；熱心者,ˈzel.ət,ˈzel.ət
adjudicate,"(분쟁에 대해) 판결[판정]을 내리다, 재결하다",擔任裁判；判決，裁定，裁決,əˈdʒuː.dɪ.keɪt,əˈdʒuː.dɪ.keɪt
dolor,"슬픔, 비탄(grief)",,,
indolent,"게으른, 나태한",懶散的；懶惰的,ˈɪn.dəl.ənt,ˈɪn.dəl.ənt
circuitous,빙 돌아가는,迂迴的，繞行的,sɜːˈkjuː.ɪ.təs,sɜːˈkjuː.ɪ.təs
propitiator,달래는 사람 ; 화해시키는 사람.,,,
reprobate,타락한 사람,墮落者；放蕩者；惡棍,ˈrep.rə.beɪt,ˈrep.rə.beɪt
espouse,(주의·정책 등을) 옹호[지지]하다,投身（活動）；支持，擁護（觀點）,esˈpaʊz,esˈpaʊz
salutary,"(흔히 불쾌해 보이지만) 유익한, 효과가 좋은",（對行爲或性格的改善）有益的,ˈsæl.jə.tər.i,ˈsæl.jə.tər.i
flippant,"경솔한, 건방진",輕率的；浮誇的,ˈflɪp.ənt,ˈflɪp.ənt
antecede,"…에 선행하다, 앞서다",,,
temper,(걸핏하면 화를 내는) 성질[성미],脾氣；易怒,ˈtem.pər,ˈtem.pər
cursory,"대충 하는, 피상적인",倉促的；草草的；粗略的,ˈkɜː.sər.i,ˈkɜː.sər.i
ablution,목욕 (재계),沐浴；淨體（禮）；淨手（禮）,əˈbluː.ʃən,əˈbluː.ʃən
intrastate,주(州)내의,,,
deride,조롱[조소]하다,嘲笑，譏笑,dɪˈraɪd,dɪˈraɪd
aquamarine,"아쿠아마린, 남옥(藍玉)",海藍寶石,ˌæk.wə.məˈriːn,ˌæk.wə.məˈriːn
accretion,(서서히 막처럼 생기는) 부착물,堆積，積聚；逐漸的增加，增大,əˈkriː.ʃən,əˈkriː.ʃən
dissonant,"귀에 거슬리는, [음악] 불협화(음)의; 조화되지 않은(opp. harmonious)",,,
rift,(사람들 사이의) 균열[틈],（地面或岩石上的）裂縫，裂口,rɪft,rɪft
sententious,"무게를 잡는, 훈계조의",好說教的；說教式的；自以爲是的,senˈten.ʃəs,senˈten.ʃəs
decamp,(흔히 몰래) 서둘러 떠나다,不辭而別，偷偷溜走,diːˈkæmp,diːˈkæmp
iniquity,부당성; 부당한 것,極其錯誤；極不公正,ɪˈnɪk.wə.ti,ɪˈnɪk.wə.ti
abate,(강도가) 약해지다; (강도를) 약화시키다[줄이다],減少；減弱；減輕；減退,əˈbeɪt,əˈbeɪt
protagonist,(연극·영화·책 속의) 주인공,（某一想法或政治制度的）主要支持者，主要擁護者,prəˈtæɡ.ən.ɪst,prəˈtæɡ.ən.ɪst
incubate,(알을) 품다,孵（卵），孵化,ˈɪŋ.kjə.beɪt,ˈɪŋ.kjə.beɪt
donate,(특히 자선단체에) 기부[기증]하다,捐贈，捐助，捐獻,dəʊˈneɪt,dəʊˈneɪt
fetid,악취가 진동하는,惡臭的；腐臭的,ˈfet.ɪd,ˈfet.ɪd
antagonism,"적의, 적대감",對抗，對立；敵對；敵意,ænˈtæɡ.ən.ɪ.zəm,ænˈtæɡ.ən.ɪ.zəm
jurisprudence,법학,法學；法律學,ˌdʒʊə.rɪsˈpruː.dəns,ˌdʒʊə.rɪsˈpruː.dəns
holograph,자필문,,,
affirm,단언하다,證實；確認；斷言,əˈfɜːm,əˈfɜːm
allude,"암시하다, 시사(示唆)하다, 넌지시 말하다 ((to)) ((직접 언급할 때는 refer, mention을 씀; ⇒ refer [유의어/] ))",影射，暗指；間接提到,əˈluːd,əˈluːd
vortex,(물·공기 등의) 소용돌이,漩渦；渦流,ˈvɔː.teks,ˈvɔː.teks
delineate,(상세하게) 기술하다[그리다/설명하다],描述；勾畫,dɪˈlɪn.i.eɪt,dɪˈlɪn.i.eɪt
foible,(별로 해롭지 않은) 기벽[약점],（無傷大雅的）怪癖，小毛病，小缺點,ˈfɔɪ.bəl,ˈfɔɪ.bəl
opulent,호화로운,奢華的，豪華的，奢侈的,ˈɒp.jə.lənt,ˈɒp.jə.lənt
perambulator,(바퀴 하나에 기다란 손잡이가 달린) 거리 측정계,手推童車，嬰兒車（pram的正式說法）,,
simulate,"…한 체[척]하다, 가장하다",類比，模仿；假裝，僞裝,ˈsɪm.jə.leɪt,ˈsɪm.jə.leɪt
compunction,"죄책감, 거리낌",良心的不安；內疚；自責；後悔,kəmˈpʌŋk.ʃən,kəmˈpʌŋk.ʃən
demise,(기관·사상·기업 등의) 종말,,,
tenet,"주의(主義), 교리(敎理)",信條；宗旨；原則,ˈten.ɪt,ˈten.ɪt
deign,치사스럽지만[자기 격에 떨어지지만] 한다는 듯이 굴다,,,
sorority,(미국 대학의) 여학생 클럽,（美國某些大學的）女生聯誼會，姊妹會,səˈrɒr.ə.ti,səˈrɒr.ə.ti
dulcet,(소리가) 감미로운,柔和動聽的，輕柔悅耳的,ˈdʌl.sət,ˈdʌl.sət
vituperation,혹평,,,
malignant,악성의,（疾病或腫塊）惡性的，致命的,məˈlɪɡ.nənt,məˈlɪɡ.nənt
incantation,(마술을 걸기 위한) 주문[주문을 외기],咒語；唸咒,ˌɪn.kænˈteɪ.ʃən,ˌɪn.kænˈteɪ.ʃən
disclose,(특히 비밀이던 것을) 밝히다[폭로하다],公開，公佈；透露，揭露,dɪˈskləʊz,dɪˈskləʊz
enumerate,열거하다,列舉，枚舉,ɪˈnjuː.mə.reɪt,ɪˈnjuː.mə.reɪt
interdict,(법원의) 금지 명령,（法庭發出的）強制令；禁令,ˈɪn.tə.dɪkt,ˈɪn.tə.dɪkt
regress,퇴행[퇴보/회귀]하다,退步；退化；倒退,rɪˈɡres,rɪˈɡres
dyspepsia,소화 불량,消化不良,dɪˈspep.si.ə,dɪˈspep.si.ə
elegy,"애가, 비가",（尤指懷念故人或往事的）輓歌；輓詩；哀歌,ˈel.ə.dʒi,ˈel.ə.dʒi
coherent,"일관성 있는, 논리[조리] 정연한",（論據、觀點、計劃）有條理的，連貫的，前後一致的,kəʊˈhɪə.rənt,kəʊˈhɪə.rənt
inexorable,"멈출[변경할] 수 없는, 거침없는",不可阻攔的,ɪˈnek.sər.ə.bəl,ɪˈnek.sər.ə.bəl
fortnight,2주일(간),兩星期，兩週,ˈfɔːt.naɪt,ˈfɔːt.naɪt
ensue,(어떤 일·결과가) 뒤따르다,（尤指作爲結果而）接著發生，繼而發生，因而産生,ɪnˈsjuː,ɪnˈsjuː
inimical,~에 해로운[반하는/불리한],有害的；不利的；限制性的,ɪˈnɪm.ɪ.kəl,ɪˈnɪm.ɪ.kəl
undermine,(특히 자신감·권위 등을) 약화시키다,（常指逐漸地）削弱信心、權威等，損害,ˌʌn.dəˈmaɪn,ˌʌn.dəˈmaɪn
inflect,(단어·언어가) 굴절하다[어미·어형 변화를 하다],（使）（詞）發生屈折變化,ɪnˈflekt,ɪnˈflekt
presage,(보통 불길한 일의) 전조가 되다,預示，預兆（尤指不祥之事）,ˈpres.ɪdʒ,ˈpres.ɪdʒ
hone,(특히 기술을) 연마하다,使…變鋒利；把…磨尖,həʊn,həʊn
libertine,난봉꾼,放蕩鬼，浪蕩子,ˈlɪb.ə.tiːn,ˈlɪb.ə.tiːn
satiate,"(식욕·성욕 등을) 실컷 만족시키다, 물릴[질릴] 정도로 주다",（尤指飲食或享樂）使飽足，使厭膩,ˈseɪ.ʃi.eɪt,ˈseɪ.ʃi.eɪt
epigram,경구(警句); 짧은 풍자시,詼諧短詩；警句；雋語,ˈep.ɪ.ɡræm,ˈep.ɪ.ɡræm
tirade,"장황한 비난, 장광설",長篇抨擊性演說,taɪˈreɪd,taɪˈreɪd
gaucherie,"어색함, 서투름",,,
forthright,솔직 담백한,（過於）坦誠的，直率的；直截了當的,ˈfɔːθ.raɪt,ˈfɔːθ.raɪt
interregnum,(국가·조직 등에서 신임 지도자가 취임하기 전의) 최고 지도자 부재 기간,（國家或組織的）權力空白期，空位期,ˌɪn.təˈreɡ.nəm,ˌɪn.təˈreɡ.nəm
discord,"불화, 다툼",看法不一致，缺乏共識,ˈdɪs.kɔːd,ˈdɪs.kɔːd
deleterious,"해로운, 유해한",有害的，造成危害的,ˌdel.ɪˈtɪə.ri.əs,ˌdel.ɪˈtɪə.ri.əs
philanthropic,"인정 많은, 인자한; 박애(주의)의, 동포애의",慈善的；樂善好施的（尤指透過捐款幫助窮人）,ˌfɪl.ənˈθrɒp.ɪk,ˌfɪl.ənˈθrɒp.ɪk
erratic,"불규칙한, 일정치 않은, 변덕스러운",（動作、行爲等）不規則的，不確定的，無計劃的,ɪˈræt.ɪk,ɪˈræt.ɪk
chide,"꾸짖다, 책망하다",責駡，呵斥，訓斥,tʃaɪd,tʃaɪd
cardiac,심장(병)의,心臟的；心臟病的,ˈkɑː.di.æk,ˈkɑː.di.æk
hypochondriac,심기증 환자,,,
turbid,"탁한, 흐린",（液體）渾濁的，汙濁的,ˈtɜː.bɪd,ˈtɜː.bɪd
abrupt,"돌연한, 갑작스런",突然的；意外的,əˈbrʌpt,əˈbrʌpt
peripatetic,(특히 일을 하러) 이동해 다니는,（通常指因工作而）巡迴的，流動的；漫遊的,ˌper.ɪ.pəˈtet.ɪk,ˌper.ɪ.pəˈtet.ɪk
infatuated,(사랑하는 대상에게) 미쳐 있는[푹 빠진],（通常短期）熱戀的，著迷的,ɪnˈfætʃ.u.eɪ.tɪd,ɪnˈfætʃ.u.eɪ.tɪd
limpid,맑은,清澈的，透明的,ˈlɪm.pɪd,ˈlɪm.pɪd
prevaricate,얼버무리다,支吾，搪塞，含糊其詞；顧左右而言他,prɪˈvær.ɪ.keɪt,prɪˈvær.ɪ.keɪt
trite,진부한; 독창적이지 못한,陳腐的；老一套的,traɪt,traɪt
vituperate,"호통치다, 욕설하다; 혹평하다",,,
genuflect,무릎을 꿇다(경의를 표하거나 예배를 드리기 위해 한 쪽 또는 양 쪽 무릎을 꿇는 것),（尤指進出天主教教堂時）下跪，跪拜,ˈdʒen.ju.flekt,ˈdʒen.ju.flekt
abdicate,"왕위에서 물러나다, 퇴위하다",遜位；退（位），讓（位），正式放棄（王位）,ˈæb.dɪ.keɪt,ˈæb.dɪ.keɪt
dissuade,(~을 하지 않도록) ~를 설득[만류]하다,勸說…不做某事，勸阻,dɪˈsweɪd,dɪˈsweɪd
fealty,(특히 왕에 대한) 충성 서약,（对国王或女王）忠诚的，忠心耿耿的,ˈfiːl.ti,ˈfiːl.ti
putative,"(…로) 추정되는, 추정상의",假定存在的，被認為存在的,ˈpjuː.tə.tɪv,ˈpjuː.tə.tɪv
decadent,"타락한, 퇴폐적인",（人或組織）腐朽的；頹廢的；墮落的,ˈdek.ə.dənt,ˈdek.ə.dənt
gainsay,"부정하다, 반대하다",否認；反駁；反對,ˌɡeɪnˈseɪ,ˌɡeɪnˈseɪ
slothful,나태한,懶惰的，懶散的,ˈsləʊθ.fəl,ˈsləʊθ.fəl
stultify,바보처럼 보이게 하다,,,
bibliography,참고문헌 (목록),參考書目，文獻目錄,ˌbɪb.liˈɒɡ.rə.fi,ˌbɪb.liˈɒɡ.rə.fi
criterion,(판단이나 결정을 위한) 기준,（作出評判、決定或處理的）標準，準則,kraɪˈtɪə.ri.ən,kraɪˈtɪə.ri.ən
opulently,"가멸지게, 부유하게; 풍부하게.",,,
disdain,"업신여김, 무시",輕視，蔑視，鄙視,dɪsˈdeɪn,dɪsˈdeɪn
obsolescent,"<말·습관 등이> 쇠퇴해 가는, 사용되지 않게 되는; <기계 등이> 구식의",在逐步廢棄的；即將淘汰的；逐漸過時的,ˌɒb.səˈles.ənt,ˌɒb.səˈles.ənt
asperity,"(말투나 태도가) 거침, 가혹함",（言語、舉止的）嚴厲，粗暴,əˈsper.ə.ti,əˈsper.ə.ti
perplexing,"난처[당황]하게 하는; 착잡한, 복잡한",,,
appraise,"살피다, 뜯어보다",評定；鑒定；估價；評價,əˈpreɪz,əˈpreɪz
naive,"(경험·지식 부족 등으로) 순진해 빠진, (모자랄 정도로) 순진한",輕信的；天真的；幼稚的,naɪˈiːv,naɪˈiːv
compendious,모든 필요한 내용[사실들]을 담은,,,
debauchery,방탕,道德敗壞；淫蕩；沉湎酒色（或毒品）,dɪˈbɔː.tʃər.i,dɪˈbɔː.tʃər.i
diatribe,(말이나 글로 된 통렬한) 비판[공격],怒斥，抨擊；檄文,ˈdaɪ.ə.traɪb,ˈdaɪ.ə.traɪb
galvanize,충격 요법을 쓰다,激起；使震驚；使振奮,ˈɡæl.və.naɪz,ˈɡæl.və.naɪz
insinuate,(불쾌한 일을) 암시하다[넌지시 말하다],含沙射影地說，影射,ɪnˈsɪn.ju.eɪt,ɪnˈsɪn.ju.eɪt
misanthrope,사람을 싫어하는 사람,厭惡人類者；遁世者,ˈmɪs.ən.θrəʊp,ˈmɪs.ən.θrəʊp
incorporation,"[법] 법인격 부여, 법인[[미] 회사] 설립; [C] 결사, 법인 단체, 회사(corporation)",,,
nimble,"(동작이) 빠른, 날렵한",（行動）靈活的，敏捷的；（頭腦）機敏的，敏銳的,ˈnɪm.bəl,ˈnɪm.bəl
inculpate,죄를 씌우다; 비난하다; 연루(連累)시키다,,,
nascent,"발생기의, 초기의",新生的，萌芽的；開始發展的,ˈneɪ.sənt,ˈneɪ.sənt
ratify,비준[재가]하다,（尤指政府或組織）正式批准，使正式生效，正式簽署,ˈræt.ɪ.faɪ,ˈræt.ɪ.faɪ
injunction,(법원의) 명령,禁令,ɪnˈdʒʌŋk.ʃən,ɪnˈdʒʌŋk.ʃən
progenitor,(사람·동식물의) 조상,先驅，前輩,prəʊˈdʒen.ɪ.tər,prəʊˈdʒen.ɪ.tər
cacophony,불협화음,刺耳嘈雜的聲音；雜音,kəˈkɒf.ə.ni,kəˈkɒf.ə.ni
geographic,"지리학(상)의, 지리(학)적인.",,,
baleful,"악의적인, 해로운",惡毒的；威脅的,ˈbeɪl.fəl,ˈbeɪl.fəl
intractable,아주 다루기 힘든,難駕馭的；難對付的；難解決的,ɪnˈtræk.tə.bəl,ɪnˈtræk.tə.bəl
implication,(행동·결정이 초래할 수 있는) 영향[결과],含意；暗指，暗示,ˌɪm.plɪˈkeɪ.ʃən,ˌɪm.plɪˈkeɪ.ʃən
jocular,"익살스러운, 유머러스한",有趣的；逗樂的,ˈdʒɒk.jə.lər,ˈdʒɒk.jə.lər
emulate,(흠모하는 대상을) 모방하다[따라 가다],效仿，模仿；和…競爭，努力趕上,ˈem.jə.leɪt,ˈem.jə.leɪt
commensurate,(크기·중요도·자질 등에) 어울리는[상응하는],相當的，相稱的,kəˈmen.sjər.ət,kəˈmen.sjər.ət
humble,겸손한,謙虛的，謙遜的,ˈhʌm.bəl,ˈhʌm.bəl
anomaly,"변칙, 이례",異常的人（或事物）；不規則；（同一種類中的）畸形,əˈnɒm.ə.li,əˈnɒm.ə.li
cent,센트(100분의 1달러나 유로),美分；分幣,sent,sent
bursary,(보통 대학의) 학비 보조금[장학금],奬學金,ˈbɜː.sər.i,ˈbɜː.sər.i
endorse,(공개적으로) 지지하다,（公開）贊同，認可，支持,ɪnˈdɔːs,ɪnˈdɔːs
antonym,반의어,反義詞,ˈæn.tə.nɪm,ˈæn.tə.nɪm
release,"(갇히거나 구속되어 있는 상태에서) 풀어 주다, 석방[해방]하다",釋放，放走；放開，鬆開,rɪˈliːs,rɪˈliːs
erudite,"학식 있는, 박식한",博學的；有學問的；博大精深的,ˈer.ʊ.daɪt,ˈer.ʊ.daɪt
degrade,비하[모멸]하다,貶低；降低…的身份；侮辱…的人格,dɪˈɡreɪd,dɪˈɡreɪd
grandiloquent,말을 거창하게 하는,（尤指為了使某人或者某物顯得重要而）賣弄詞藻的，言辭浮誇的，過分華麗的,ɡrænˈdɪl.ə.kwənt,ɡrænˈdɪl.ə.kwənt
circumspect,신중한,小心的；謹慎的；審慎的,ˈsɜː.kəm.spekt,ˈsɜː.kəm.spekt
venerate,공경[숭배]하다,,,
culpable,"과실이 있는, 비난받을 만한",應受譴責的；該受處罰的；該對錯誤負責的,ˈkʌl.pə.bəl,ˈkʌl.pə.bəl
laconic,"말을 많이 하지 않는, 할 말만 하는",（語言）簡潔的，言簡意賅的,ləˈkɒn.ɪk,ləˈkɒn.ɪk
obdurate,고집 센,頑固的；執拗的,ˈɒb.dʒə.rət,ˈɒb.dʒə.rət
loathing,"혐오(감), 증오(심)",憎恨，憎惡,ˈləʊ.ðɪŋ,ˈləʊ.ðɪŋ
amatory,"성욕의, 성적인",性愛的；情愛的,ˈæm.ə.tər.i,ˈæm.ə.tər.i
eugenics,우생학,優生學；人種改良學,juːˈdʒen.ɪks,juːˈdʒen.ɪks
effigy,조상(彫像),（尤指被憎恨人的）模擬像，雕像；畫像：,ˈef.ɪ.dʒi,ˈef.ɪ.dʒi
rapacious,탐욕스러운,巧取豪奪的，貪婪的，掠奪的,rəˈpeɪ.ʃəs,rəˈpeɪ.ʃəs
frankness,"솔직, 터놓음",坦率，坦誠,ˈfræŋk.nəs,ˈfræŋk.nəs
levee,(강가의) 제방,防洪堤（在河邊由土等材料築成的牆，以防止河水溢出）,ˈlev.i,ˈlev.i
factitious,"(진짜처럼 보이도록) 꾸며낸, 인위적인",虛假的；人為的,fækˈtɪʃ.əs,fækˈtɪʃ.əs
malice,"악의, 적의",惡意，害人之心,ˈmæl.ɪs,ˈmæl.ɪs
peregrination,(특히 느리게 계속되는) 긴 여행[여정],（尤指徒步的）旅行；漫遊；旅程；遊歷,ˌper.ə.ɡrɪˈneɪ.ʃən,ˌper.ə.ɡrɪˈneɪ.ʃən
dorsal,(물고기나 동물의) 등에 있는[등의],（動物）背部的，背上的，背側的,ˈdɔː.səl,ˈdɔː.səl
amulet,(불운 등을 막아 주는) 부적,（戴在身上的）護身符，辟邪物,ˈæm.jə.lət,ˈæm.jə.lət
homograph,"동형이의어(‘절하다’는 뜻의 bow/baʊ/와 ‘활’이라는 뜻을 갖는 bow/bæʊ/, /boʊ/처럼 철자는 같으나 뜻은 다른 낱말. 발음은 같을 수도 있고 다를 수도 있음)",同形異義詞（讀音可能相同或不同）,ˈhɒm.ə.ɡrɑːf,ˈhɒm.ə.ɡrɑːf
ambidextrous,"양손잡이의, 양손을 다 잘 쓰는",雙手都很靈巧的；左右開弓的,ˌæm.bɪˈdek.strəs,ˌæm.bɪˈdek.strəs
excoriate,"(피부가) 벗겨지게 하다, 찰과상을 입히다",嚴厲指責，痛斥（戲劇、書、政治行為等）,ekˈskɔː.ri.eɪt,ekˈskɔː.ri.eɪt
curmudgeon,괴팍한 사람(보통 노인),脾氣乖戾的老人，壞脾氣的老人,kəˈmʌdʒ.ən,kəˈmʌdʒ.ən
contrition,"[U] (죄를) 뉘우침, 회오; [신학] 회개",,,
hackneyed,진부한,（語詞或觀點）陳腐的，老套的,ˈhæk.nid,ˈhæk.nid
cosmonaut,(과거 러시아의) 우주 비행사,（前蘇聯的）宇航員，太空人,ˈkɒz.mə.nɔːt,ˈkɒz.mə.nɔːt
belie,착각하게 만들다,給人以假像；掩飾（感情等）,bɪˈlaɪ,bɪˈlaɪ
pictionary,단어를 보고 그림을 그려서 어떤 단어인지 맞추는 게임. 보통 짝을 지어서 그룹 대 그룹으로 게임을 한다.,,,
interim,(영구적인 것이 나올 때까지 존속시키기 위한) 중간[임시/과도]의,,,
insouciant,"무관심한; 태평한, 걱정 없는",,,
capricious,변덕스러운,反覆無常的,kəˈprɪʃ.əs,kəˈprɪʃ.əs
desert,사막,沙漠，荒漠,ˈdez.ət,ˈdez.ət
concordance,(어떤 책 등에서 그 속에 사용된 어휘들을 알파벳순으로 정리한) 용어 색인,（書籍或作品中按字母順序排列的）詞語索引,kənˈkɔː.dəns,kənˈkɔː.dəns
efface,"지우다, 없애다",抹去，擦掉；消除,ɪˈfeɪs,ɪˈfeɪs
gyrate,"빙빙 돌다, 선회하다; (특히 신체 일부를) 빙빙 돌리다",（通常指很快地）旋轉，迴旋，轉動,dʒaɪˈreɪt,dʒaɪˈreɪt
enjoin,(무엇을 하도록) 명하다[이르다],囑咐；吩咐,ɪnˈdʒɔɪn,ɪnˈdʒɔɪn
dismay,"(충격을 받은 뒤의) 실망, 경악",沮喪，灰心，失望,dɪˈsmeɪ,dɪˈsmeɪ
fortuitous,"우연한, (특히) 행운의",（有利的事）偶然發生的，碰巧的,fɔːˈtʃuː.ɪ.təs,fɔːˈtʃuː.ɪ.təs
quotidian,"일상적인, 보통의",平常的，普通的；日常的,kwəʊˈtɪd.i.ən,kwəʊˈtɪd.i.ən
intrinsic,"고유한, 본질적인",固有的，本質的，根本的,ɪnˈtrɪn.zɪk,ɪnˈtrɪn.zɪk
lambaste,(특히 공개적으로) 맹공격[비판]하다,猛烈抨擊；狠狠批評,læmˈbæst,læmˈbæst
laxative,완하제(배변을 쉽게 하는 약·음식·음료),瀉藥，通便劑,ˈlæk.sə.tɪv,ˈlæk.sə.tɪv
esoteric,"소수만 이해하는[즐기는], 비전(秘傳)의",極不尋常的；只有少數人（尤指內行）才懂的；限於小圈子的,ˌiː.səˈter.ɪk,ˌiː.səˈter.ɪk
melancholic,(특히 병적으로) 우울한,憂鬱的,ˌmel.əŋˈkɒl.ɪk,ˌmel.əŋˈkɒl.ɪk
endow,(학교 등의 기관에 많은 돈을) 기부하다,向（院校、醫院等）捐款，捐贈，資助,ɪnˈdaʊ,ɪnˈdaʊ
alibi,알리바이,（尤指沒有犯罪時間的）不在犯罪現場的證據,ˈæl.ɪ.baɪ,ˈæl.ɪ.baɪ
induct,취임시키다,使正式就任；正式吸收…為會員；使入門；傳授,ɪnˈdʌkt,ɪnˈdʌkt
condolence,"애도, 조의",弔唁（詞）；哀悼（詞）,kənˈdəʊ.ləns,kənˈdəʊ.ləns
revile,매도하다,謾罵；辱罵；痛斥,rɪˈvaɪl,rɪˈvaɪl
fissure,(특히 암석·지면의) 길게 갈라진 틈,（岩石或土地的）裂縫，裂隙,ˈfɪʃ.ər,ˈfɪʃ.ər
orifice,(특히 인체의) 구멍,（尤指身體的）孔，竅，穴，腔,ˈɒr.ɪ.fɪs,ˈɒr.ɪ.fɪs
inchoate,이제 시작 단계인,才開始的；不完全的；未發展完善的,ɪnˈkəʊ.eɪt,ɪnˈkəʊ.eɪt
sonorous,"(소리가) 듣기 좋은, 낭랑한",（聲音）渾厚的,ˈsɒn.ər.əs,ˈsɒn.ər.əs
immoral,"비도덕적인, 부도덕한",不道德的，道德敗壞的,ɪˈmɒr.əl,ɪˈmɒr.əl
fluctuation,"(방향·위치·상황의) 변동, 오르내림; 파동; (사람·마음의) 동요; [pl.] 성쇠, 흥망(ups and downs)",,,
kinesthetic,운동 감각(성)의,,,
synopsis,(글·희곡 등의) 개요,（電影、書籍等的）概要，梗概，提要,sɪˈnɒp.sɪs,sɪˈnɒp.sɪs
perfidy,배신,背信棄義（行為）；不忠貞（行為）,ˈpɜː.fɪ.di,ˈpɜː.fɪ.di
defunct,(지금은) 현존하지[행해지지/사용되지] 않는,不復存在的；死亡的；失靈的,dɪˈfʌŋkt,dɪˈfʌŋkt
equitable,"공정한, 공평한",公平合理的；公正的,ˈek.wɪ.tə.bəl,ˈek.wɪ.tə.bəl
catholic,,廣泛的；包羅萬象的,ˈkæθ.əl.ɪk,ˈkæθ.əl.ɪk
chastise,꾸짖다,嚴厲批評，譴責，斥責,tʃæsˈtaɪz,tʃæsˈtaɪz
abortive,"무산된, 유산된, 수포로 돌아간",失敗的；夭折的；無結果的,əˈbɔː.tɪv,əˈbɔː.tɪv
refute,논박[반박]하다,駁斥；反駁；否認…的正確性（或真實性）,rɪˈfjuːt,rɪˈfjuːt
pusillanimous,"겁 많은, 겁쟁이인",怯懦的，膽小的,ˌpjuː.sɪˈlæn.ɪ.məs,ˌpjuː.sɪˈlæn.ɪ.məs
apace,"빠른 속도로, 빨리",飛快，迅速,əˈpeɪs,əˈpeɪs
impartial,공정한,公正的，無偏見的,ɪmˈpɑː.ʃəl,ɪmˈpɑː.ʃəl
enthrall,마음을 사로잡다,,,
avouch,진실이라고 단언[언명]하다,,,
confer,상의하다,（常指爲達成行動決議而）商討，商議，協商,kənˈfɜːr,kənˈfɜːr
acquaint,"익히다, 숙지하다",使認識；使了解；使熟悉；使知悉,əˈkweɪnt,əˈkweɪnt
err,실수를 범하다,犯錯誤；做錯事；出差錯,ɜːr,ɜːr
perennial,"(아주 오랫동안) 지속되는, 영원한; 계속 반복되는",長期存在的；常年的；不斷發生的；反覆的,pəˈren.i.əl,pəˈren.i.əl
odd-even,(석유 부족시의 휘발유 판매에서) 홀수·짝수 방식의,,,
droll,우스꽝스러운,滑稽可笑的，古怪離奇的,drəʊl,drəʊl
rhetoric,미사여구,雄辯言辭；煽動性語言,ˈret.ər.ɪk,ˈret.ər.ɪk
enervate,기력을 떨어뜨리다,使衰弱；使無力；使喪失活力,ˈen.ə.veɪt,ˈen.ə.veɪt
carnage,대학살,（尤指戰爭中的）大屠殺，殘殺,ˈkɑː.nɪdʒ,ˈkɑː.nɪdʒ
truism,뻔한 말[소리],自明之理，不言而喻的話,ˈtruː.ɪ.zəm,ˈtruː.ɪ.zəm
abeyance,"(일시적) 중지, 정지",擱置；暫時中止；暫緩,əˈbeɪ.əns,əˈbeɪ.əns
appraisal,(가치·업적·본질에 대한) 평가[판단],評定；鑒定；估價；評價,əˈpreɪ.zəl,əˈpreɪ.zəl
dubiety,"의심스러움, 불확실함",,,
irascible,화를 잘 내는,易怒的，性情暴躁的,ɪˈræs.ə.bəl,ɪˈræs.ə.bəl
sidle,(주저주저하듯) 옆걸음질 치다,側身而行；悄悄地走,ˈsaɪ.dəl,ˈsaɪ.dəl
malady,"심각한 문제, 병폐",病，疾病,ˈmæl.ə.di,ˈmæl.ə.di
congregate,모이다,聚集，集合,ˈkɒŋ.ɡrɪ.ɡeɪt,ˈkɒŋ.ɡrɪ.ɡeɪt
capitulate,(오랫동안 거부하던 것에) 굴복하다,投降；屈服；停止抵抗,kəˈpɪtʃ.ə.leɪt,kəˈpɪtʃ.ə.leɪt
aggrandize,"크게 하다, 확대하다(enlarge); 과장하다",擴大…的權勢；提高…的地位,əˈɡræn.daɪz,əˈɡræn.daɪz
discrete,(같은 종류의 다른 것들과) 별개의,獨立的，各自的，單獨的,dɪˈskriːt,dɪˈskriːt
apocalypse,(세계의) 파멸,大災變；大動亂,əˈpɒk.ə.lɪps,əˈpɒk.ə.lɪps
hiatus,(행동의) 중단,間斷，間隙,haɪˈeɪ.təs,haɪˈeɪ.təs
hologram,홀로그램(입체 사진술에 의한 입체 화상),全息圖，全息影像,ˈhɒl.ə.ɡræm,ˈhɒl.ə.ɡræm
enervated,"활력을 잃은, 무기력한",,,
inhibit,억제[저해]하다,使…拘謹；使…有顧忌,ɪnˈhɪb.ɪt,ɪnˈhɪb.ɪt
scheme,"(운영) 계획, 제도",陰謀，詭計,skiːm,skiːm
specious,허울만 그럴 듯한,似是而非的；貌似有理的；虛假的,ˈspiː.ʃəs,ˈspiː.ʃəs
anterior,"앞쪽인, 앞의",前部的，前面的；向前的,ænˈtɪə.ri.ər,ænˈtɪə.ri.ər
canard,"허위 보도, 유언비어",虛假新聞；謊報；假消息,ˈkæn.ɑːd,ˈkæn.ɑːd
vitiate,(무엇의 효과를) 해치다[떨어뜨리다],毀壞；破壞；削弱,ˈvɪʃ.i.eɪt,ˈvɪʃ.i.eɪt
adjourn,"(재판·회의 등을) 중단하다, 휴정[휴회]하다",（使）休會；（使）休庭,əˈdʒɜːn,əˈdʒɜːn
ameliorate,개선하다,使變好，改善，改進,əˈmiːl.jə.reɪt,əˈmiːl.jə.reɪt
innocuous,악의 없는,無害的,ɪˈnɒk.ju.əs,ɪˈnɒk.ju.əs
levity,"경솔, 경박",消遣；輕率,ˈlev.ə.ti,ˈlev.ə.ti
bellicose,"호전적인, 싸우기 좋아하는",好戰的;好鬥的,ˈbel.ɪ.kəʊs,ˈbel.ɪ.kəʊs
pseudo,"허위의, 가짜의; 모조의",,,
ambulatory,보행의,（病人）不需臥床的，能走動的，晚上不需留院的,ˌæm.bjəˈleɪ.tər.i,ˌæm.bjəˈleɪ.tər.i
fracture,"골절 (부위); 균열, (갈라진) 금",（使）（骨頭等硬物）破裂，（使）斷裂，（使）折斷,ˈfræk.tʃər,ˈfræk.tʃər
judiciary,"법관[판사]들, 사법부",（政府的）司法部；司法制度,dʒuːˈdɪʃ.ər.i,dʒuːˈdɪʃ.ər.i
adage,"속담, 격언",諺語；格言,ˈæd.ɪdʒ,ˈæd.ɪdʒ
retrograde,(사태·시대 등에) 역행하는,倒退的；退步的；惡化的,ˈret.rə.ɡreɪd,ˈret.rə.ɡreɪd
cryptology,"[U] 암호 작성[해독]술; 암호학, 암호 연구",,,
invidious,부당한; 남의 심기를 건드릴[시샘을 받을],（尤指由於不公）可能招致不滿的，易引起反感的,ɪnˈvɪd.i.əs,ɪnˈvɪd.i.əs
commiserate,(화가 났거나 실망한 사람에게) 위로[동정]를 표하다,表示同情（或惋惜）,kəˈmɪz.ə.reɪt,kəˈmɪz.ə.reɪt
belabor,장황하게 논하다,,,
ascertain,(옳은 정보를) 알아내다[확인하다],弄清，確定，查明,ˌæs.əˈteɪn,ˌæs.əˈteɪn
mordant,"신랄한, 통렬한",（尤指幽默）尖銳的，尖刻而又風趣的,ˈmɔː.dənt,ˈmɔː.dənt
discreet,"신중한, 조심스러운",審慎的，謹慎的，小心的,dɪˈskriːt,dɪˈskriːt
heterogeneous,여러 다른 종류들로 이뤄진,各種各樣的；混雜的,ˌhet.ər.əˈdʒiː.ni.əs,ˌhet.ər.əˈdʒiː.ni.əs
cryptic,"수수께끼 같은, 아리송한",神秘的，隱秘的；有隱義的；費解的,ˈkrɪp.tɪk,ˈkrɪp.tɪk
animosity,"반감, 적대감",仇恨；敵意；憎惡,ˌæn.ɪˈmɒs.ə.ti,ˌæn.ɪˈmɒs.ə.ti
knell,종소리 ; 조종(弔鐘),終結的預兆，完結的信號（同 death knell）,,
inamorata,(여자) 애인,愛人，情人,ɪˌnæm.əˈrɑː.tə,ɪˌnæm.əˈrɑː.tə
impede,(진행을) 지연시키다[방해하다],妨礙，阻礙；阻止,ɪmˈpiːd,ɪmˈpiːd
accrue,"누적되다, 축적되다",積累；（逐漸）增加，增多,əˈkruː,əˈkruː
disingenuous,솔직하지 못한(특히 아는 것을 모른다고 하는),（人或其行爲）不夠誠實的，不夠坦白的,ˌdɪs.ɪnˈdʒen.ju.əs,ˌdɪs.ɪnˈdʒen.ju.əs
antipodal,"대척지(對蹠地)의, 지구상의 정반대 쪽의",,,
mellifluous,달콤한[감미로운],聲音甜美的；圓潤流暢的,melˈɪf.lu.əs,melˈɪf.lu.əs
composure,(마음의) 평정,鎮靜，沉著，泰然自若,kəmˈpəʊ.ʒər,kəmˈpəʊ.ʒər
centigrade,"<눈금이>  백분도 (百分度) 의 ; <온도계가> 섭씨의(Celsius) ((略 C, c., Cent., cent.))",攝氏溫度,,
renitent,저항[반대]하는; 완강히 반항하는,,,
captivate,…의 마음을 사로잡다[매혹하다],使著迷；迷住；吸引,ˈkæp.tɪ.veɪt,ˈkæp.tɪ.veɪt
controversy,논란,爭議；爭論；爭辯,ˈkɒn.trə.vɜː.si,ˈkɒn.trə.vɜː.si
fetter,(남의 자유를) 구속하다,束縛；限制；抑制,ˈfet.ər,ˈfet.ər
obsequies,장례식,葬禮儀式,ˈɒb.sɪ.kwiz ,ˈɒb.sɪ.kwiz 
reprove,"나무라다, 꾸짖다, 책망하다",責備；斥責；指責,rɪˈpruːv,rɪˈpruːv
hyperactive,활동 과잉의,好動亢奮的，過度活躍的,ˌhaɪ.pərˈæk.tɪv,ˌhaɪ.pərˈæk.tɪv
vicarious,(느낌·경험이) 대리의[간접적인],間接感受到的；間接獲得的,vɪˈkeə.ri.əs,vɪˈkeə.ri.əs
overture,서곡(序曲),（尤指歌劇的）序曲，前奏曲,ˈəʊ.və.tjʊər,ˈəʊ.və.tjʊər
tinge,(아주 적은 색채를) 더하다[띠게 하다],（顏色或情感的）一絲，少許,tɪndʒ,tɪndʒ
forage,먹이를 찾다,搜尋；（尤指）覓食,ˈfɒr.ɪdʒ,ˈfɒr.ɪdʒ
pedagogue,교사; 남을 가르치기 좋아하는 사람,死板的教師；學究,ˈped.ə.ɡɒɡ,ˈped.ə.ɡɒɡ
judicious,"신중한, 판단력 있는",明斷的；明智而審慎的,dʒuːˈdɪʃ.əs,dʒuːˈdɪʃ.əs
attest,증명[입증]하다,表明；證明；證實,əˈtest,əˈtest
malevolent,"악의 있는, 악의적인",惡意的；惡毒的；有害的,məˈlev.əl.ənt,məˈlev.əl.ənt
recalcitrant,(규칙·지시에) 저항[반항]하는; 다루기 힘든,（人）不守規章的，桀驁不馴的；（動物）不馴服的,rɪˈkæl.sɪ.trənt,rɪˈkæl.sɪ.trənt
adjoin,"인접하다, 붙어 있다",緊挨；鄰接；貼近；毗連,əˈdʒɔɪn,əˈdʒɔɪn
recant,(흔히 공식적으로 신념·견해를) 철회하다,公開宣佈放棄（以前的信仰）,rɪˈkænt,rɪˈkænt
fulsome,(칭찬·감사·사과 등이) 지나친[진실성이 안 느껴지는],過分恭維的；諂媚的；言過其實的,ˈfʊl.səm,ˈfʊl.səm
bountiful,"많은, 풍부한",（數量）異常大的,ˈbaʊn.tɪ.fəl,ˈbaʊn.tɪ.fəl
propitious,(일을 하기에) 좋은[유리한],吉祥的，吉利的,prəˈpɪʃ.əs,prəˈpɪʃ.əs
hypodermic,피하 주사기,皮下注射的,ˌhaɪ.pəˈdɜː.mɪk,ˌhaɪ.pəˈdɜː.mɪk
caste,(힌두교 사회의) 카스트[계급],（印度社會的）種姓制度，種姓,kɑːst,kɑːst
implacable,"확고한, 바꿀 수 없는",不饒人的；堅定的；無法改變的,ɪmˈplæk.ə.bəl,ɪmˈplæk.ə.bəl
abridge,(책·희곡 등을) 요약[축약]하다,刪節；節略,əˈbrɪdʒ,əˈbrɪdʒ
preeminent,"(…에/…가운데서) 탁월한, 발군의, 걸출한[in /among]; 우위[상위]의; 현저한.",,,
conduct,(특정한 활동을) 하다,組織；實施；進行；處理,kənˈdʌkt,kənˈdʌkt
mollify,(사람을) 달래다[진정시키다],使平靜；撫慰,ˈmɒl.ɪ.faɪ,ˈmɒl.ɪ.faɪ
arcane,"신비로운, 불가사의한",神秘的；秘密的；晦澀難懂的,ɑːˈkeɪn,ɑːˈkeɪn
oblique,(표현이) 완곡한[에두르는/간접적인],斜的；傾斜的,əˈbliːk,əˈbliːk
candor,"[U] 공평무사, 허심 탄회; 솔직, 정직; [고어] 순백; [폐어] 순수성, 순결",,,
luminary,(특수 분야의) 전문가[권위자],（某一領域的）專家，知名人士,ˈluː.mɪ.nər.i,ˈluː.mɪ.nər.i
calumny,중상(하는 말),誹謗，誣衊，中傷,ˈkæl.əm.ni,ˈkæl.əm.ni
appease,달래다,平息；撫慰；綏靖；姑息,əˈpiːz,əˈpiːz
attenuate,"약화시키다, 희석시키다",使減少；使減弱；使降低,əˈten.ju.eɪt,əˈten.ju.eɪt
flambeau,횃불; 장식을 한 큰 촛대,,,
eccentric,"괴짜인, 별난, 기이한",怪異的，古怪的；異乎尋常的,ɪkˈsen.trɪk,ɪkˈsen.trɪk
veracity,진실성,真實；誠實；實事求是,vəˈræs.ə.ti,vəˈræs.ə.ti
insinuation,암시(된 내용),,,
intramural,교내의,學校內的,ˌɪn.trəˈmjʊə.rəl,ˌɪn.trəˈmjʊə.rəl
journey,(특히 멀리 가는) 여행[여정/이동],（尤指搭乘交通工具的）旅行，行程,ˈdʒɜː.ni,ˈdʒɜː.ni
segregate,(사람들을 인종·종교·성별에 따라) 분리[차별]하다,（尤指基於種族或性別原因）隔離並差別對待,ˈseɡ.rɪ.ɡeɪt,ˈseɡ.rɪ.ɡeɪt
propriety,(행동의 도덕적·사회적) 적절성,（行為）端正，得體，合宜,prəˈpraɪə.ti,prəˈpraɪə.ti
recidivism,상습적 범행,,,
infuriate,극도로 화나게 만들다,使大怒，激怒,ɪnˈfjʊə.ri.eɪt,ɪnˈfjʊə.ri.eɪt
dither,(결정을 못 내리고) 머무적거리다[망설이다],,,
inert,기력이 없는,不動的；不能動的,ɪˈnɜːt,ɪˈnɜːt
epoch,(중요한 사건·변화들이 일어난) 시대,（尤指出現新進步和大變革的）時代，紀元，時期,ˈiː.pɒk,ˈiː.pɒk
blithe,(하는 일에 대해) 태평스러운,歡樂的，愉快的；無憂無慮的,blaɪð,blaɪð
dour,시무룩한,（通常指人的外表或行爲）冷峻的，陰沈的，不苟言笑的,dʊər,dʊər
enmity,"원한, 증오, 적대감",仇恨，怨恨；敵意,ˈen.mə.ti,ˈen.mə.ti
axiom,"자명한 이치, 공리, 격언",（被普遍接受的）公理，原則,ˈæk.si.əm,ˈæk.si.əm
benign,"상냥한, 유순한",慈祥的；和善的,bɪˈnaɪn,bɪˈnaɪn
carnivorous,<동물이> 육식성의; <식물이> 식충성의,,,
emancipate,(법적·정치적·사회적 제약에서) 해방시키다,解放；給予人們政治或社會自由權利,iˈmæn.sɪ.peɪt,iˈmæn.sɪ.peɪt
rebarbative,"매력적이 못 되는, 호감이 안 가는",,,
homosexual,동성애자(보통 남자),（尤指男性）同性戀者,ˌhəʊ.məˈsek.ʃu.əl,ˌhəʊ.məˈsek.ʃu.əl
penury,극빈,赤貧,ˈpen.jə.ri,ˈpen.jə.ri
imperious,고압적인,專橫的，跋扈的,ɪmˈpɪə.ri.əs,ɪmˈpɪə.ri.əs
synchronous,동시 발생[존재]하는,同時的,ˈsɪŋ.krə.nəs,ˈsɪŋ.krə.nəs
dejected,"실의에 빠진, 낙담한",沮喪的；失意的；失望的,dɪˈdʒek.tɪd,dɪˈdʒek.tɪd
centrist,중도주의자,中間派的；溫和派的,ˈsen.trɪst,ˈsen.trɪst
gullible,"남을 잘 믿는, 잘 속아 넘어가는",容易上當的，易受欺騙的，輕信的,ˈɡʌl.ə.bəl,ˈɡʌl.ə.bəl
propitiate,달래다,使息怒；勸解；撫慰,prəˈpɪʃ.i.eɪt,prəˈpɪʃ.i.eɪt
haphazard,"무계획적인, 되는 대로의",無秩序的，無計劃的，隨意的,ˌhæpˈhæz.əd,ˌhæpˈhæz.əd
impugn,의문을 제기하다,抨擊；質疑,ɪmˈpjuːn,ɪmˈpjuːn
martinet,(명령·규율에) 아주 엄격한 사람,嚴格執行規章制度的人,ˌmɑː.tɪˈnet,ˌmɑː.tɪˈnet
incipient,막 시작된,剛開始的；早期的,ɪnˈsɪp.i.ənt,ɪnˈsɪp.i.ənt
foster,"조성하다, 발전시키다",收養，代養，撫育（他人子女，通常指有限的一段時間）,ˈfɒs.tər,ˈfɒs.tər
incarnation,(특정한 형태로 사는) 생애,（宗教觀念中人的）化身,ˌɪn.kɑːˈneɪ.ʃən,ˌɪn.kɑːˈneɪ.ʃən
recidivist,상습범,累犯；慣犯,rɪˈsɪd.ɪ.vɪst,rɪˈsɪd.ɪ.vɪst
cosmopolitan,(문화의 다양성 면에서) 세계적인[국제적인],來自世界各地的；國際大都會的；世界性的,ˌkɒz.məˈpɒl.ɪ.tən,ˌkɒz.məˈpɒl.ɪ.tən
dulcimer,덜시머(두 개의 나무망치로 철선을 두드려 소리를 내는 타악기),揚琴；洋琴,ˈdʌl.sɪ.mər,ˈdʌl.sɪ.mər
eclectic,절충적인; 다방면에 걸친,不拘一格的；相容並蓄的；博採眾長的,ekˈlek.tɪk,ekˈlek.tɪk
laudable,(비록 성공하지 못한다 하더라도) 칭찬[감탄]할 만한,（行為）值得讚揚的，值得稱讚的,ˈlɔː.də.bəl,ˈlɔː.də.bəl
loquacious,말이 많은,健談的，話多的,ləˈkweɪ.ʃəs,ləˈkweɪ.ʃəs
prolific,다작하는,作品豐富的；多產的,prəˈlɪf.ɪk,prəˈlɪf.ɪk
recumbent,누워 있는,躺著的；躺倒的,rɪˈkʌm.bənt,rɪˈkʌm.bənt
craven,"용기 없는, 비겁한",怯懦的，懦弱的，膽小的,ˈkreɪ.vən,ˈkreɪ.vən
penurious,"몹시 가난한, 극빈한",赤貧的,pəˈnjʊə.ri.əs,pəˈnjʊə.ri.əs
notorious,악명 높은,臭名昭著的，聲名狼藉的,nəʊˈtɔː.ri.əs,nəʊˈtɔː.ri.əs
conflagration,"큰불, 대화재",大火，大火災,ˌkɒn.fləˈɡreɪ.ʃən,ˌkɒn.fləˈɡreɪ.ʃən
hyperbole,과장법,誇張法,haɪˈpɜː.bəl.i,haɪˈpɜː.bəl.i
extradite,(범죄인을 그 관할국에) 인도하다,引渡,ˈek.strə.daɪt,ˈek.strə.daɪt
chock-full,꽉 들어찬,充滿的，塞滿的；擠滿的,ˌtʃɒkˈfʊl,ˌtʃɒkˈfʊl
interloper,침입자,闖入者,ˈɪn.təˌləʊ.pər,ˈɪn.təˌləʊ.pər
disparage,폄하하다,貶斥，貶低,dɪˈspær.ɪdʒ,dɪˈspær.ɪdʒ
carcinogenic,"발암성의, 암을 유발할",致癌的,ˌkɑː.sən.əˈdʒen.ɪk,ˌkɑː.sən.əˈdʒen.ɪk
phlegmatic,"침착한, 냉정한",冷靜的，沉著的，鎮定的,fleɡˈmæt.ɪk,fleɡˈmæt.ɪk
odium,증오,憎恨；厭惡,ˈəʊ.di.əm,ˈəʊ.di.əm
serrated,톱니 모양의,鋸齒邊的,səˈreɪ.tɪd,səˈreɪ.tɪd
perspicacious,"명민한, 총기 있는",聰穎的；敏銳的；有洞察力的,ˌpɜː.spɪˈkeɪ.ʃəs,ˌpɜː.spɪˈkeɪ.ʃəs
eulogize,칭송하다,歌頌，讚美，稱頌,ˈjuː.lə.dʒaɪz,ˈjuː.lə.dʒaɪz
melancholy,(장기적이고 흔히 이유를 알 수 없는) 우울감[비애],憂鬱的，憂傷的,ˈmel.əŋ.kɒl.i,ˈmel.əŋ.kɒl.i
ambient,주위[주변]의,周圍的；（尤指）周圍環境條件的,ˈæm.bi.ənt,ˈæm.bi.ənt
claustrophobia,밀실 공포증; 갇혀 있는 듯한 느낌,幽閉恐懼（症）,ˌklɒs.trəˈfəʊ.bi.ə,ˌklɒs.trəˈfəʊ.bi.ə
garrulous,"수다스러운, 말이 많은",（尤指對雞毛蒜皮的事情）喋喋不休的，絮叨的，饒舌的,ˈɡær.əl.əs,ˈɡær.əl.əs
berate,질책하다,嚴責，訓斥,bɪˈreɪt,bɪˈreɪt
binocular,두 눈으로 보는,同時用雙目的；雙目並用的,bɪˈnɒk.jʊ.lə,bɪˈnɒk.jʊ.lə
celerity,"(행동의) 민첩함, 기민함",速度,səˈler.ə.ti,səˈler.ə.ti
fatuous,"어리석은, 얼빠진",愚蠢的；昏庸的；錯誤的；未經認真考慮的,ˈfætʃ.u.əs,ˈfætʃ.u.əs
diffidence,"[U] 자신이 없음(opp. confidence); 기가 죽음; 삼감, 수줍음(shyness)",,,
indisputable,"반론의 여지가 없는, 부인할 수 없는",不容置疑的，無可爭辯的,ˌɪn.dɪˈspjuː.tə.bəl,ˌɪn.dɪˈspjuː.tə.bəl
exhort,"열심히 권하다, 촉구하다",激勵；規勸；督促,ɪɡˈzɔːt,ɪɡˈzɔːt
enigmatic,"수수께끼 같은, 불가사의한",費解的；難以捉摸的；神秘的,ˌen.ɪɡˈmæt.ɪk,ˌen.ɪɡˈmæt.ɪk
thrall,노예,,,
atypical,이례적인,非典型的；異常的；不同尋常的,ˌeɪˈtɪp.ɪ.kəl,ˌeɪˈtɪp.ɪ.kəl
taciturn,(성격이) 뚱한[말수가 적은/무뚝뚝한],沉默寡言的,ˈtæs.ɪ.tɜːn,ˈtæs.ɪ.tɜːn
licentious,"음탕한, 음란한",（尤指人或其行為）淫蕩的，放蕩的,laɪˈsen.ʃəs,laɪˈsen.ʃəs
apocryphal,"출처가 불분명한, 사실이 아닐 듯한",（一些廣為流傳的故事）可疑的，不足為信的，杜撰的,əˈpɒk.rɪ.fəl,əˈpɒk.rɪ.fəl
reiterate,"(이미 한 말을, 특히 강조하기 위해) 반복하다[되풀이하다]",反復地說，反復講；重申,riˈɪt.ər.eɪt,riˈɪt.ər.eɪt
preamble,(책의) 서문; (법령 따위의) 전문(前文); (말의) 서두,序論；導言；開場白,ˈpriː.æm.bəl,ˈpriː.æm.bəl
malicious,"악의적인, 적의 있는",惡意的，惡毒的，意在傷人的,məˈlɪʃ.əs,məˈlɪʃ.əs
fortify,(특히 높은 성벽을 쌓아) 요새화하다,（尤指為防禦而）加強，增強,ˈfɔː.tɪ.faɪ,ˈfɔː.tɪ.faɪ
putrid,"부패하는, 썩는; (썩으면서) 악취가 나는",腐爛的，腐壞的,ˈpjuː.trɪd,ˈpjuː.trɪd
providential,천우신조의,湊巧的；及時的；幸運的,ˌprɒv.ɪˈden.ʃəl,ˌprɒv.ɪˈden.ʃəl
flagging,"<정력·결심 등이> 축 늘어지는, 맥이 빠지는; 줄어드는, 쇠약해 가는",變弱的,ˈflæɡ.ɪŋ,ˈflæɡ.ɪŋ
dormant,"휴면기의, 활동[성장]을 중단한",蟄伏的，沉睡的，休眠的,ˈdɔː.mənt,ˈdɔː.mənt
castigate,크게 책망하다; 혹평하다,嚴厲指責；斥責,ˈkæs.tɪ.ɡeɪt,ˈkæs.tɪ.ɡeɪt
juvenile,청소년의,青少年的,ˈdʒuː.vən.aɪl,ˈdʒuː.vən.aɪl
intimate,친(밀)한,親密的；有性關係的；宜於密切關係的,ˈɪn.tɪ.mət,ˈɪn.tɪ.mət
erroneous,잘못된 (정보에 의한),錯誤的，不正確的,ɪˈrəʊ.ni.əs,ɪˈrəʊ.ni.əs
excrescence,"(동식물에게 생긴 아주 보기 싫은) 이상 성장물[혹], 사마귀",贅生物；贅疣；瘤,ekˈskres.əns,ekˈskres.əns
noxious,"유독한, 유해한",（尤指氣體或其他物質）有毒的，有害的,ˈnɒk.ʃəs,ˈnɒk.ʃəs
enigma,수수께끼 (같은 사람/것/일),令人費解的事物，令人困惑的事物,ɪˈnɪɡ.mə,ɪˈnɪɡ.mə
corps,"군단, 단",特種部隊；特殊兵種；軍（團）,kɔːr,kɔːr
careen,(위태롭게) 달리다,歪歪斜斜地疾行；橫衝直撞,kəˈriːn,kəˈriːn
barren,"척박한, 황량한",貧瘠的；不毛的,ˈbær.ən,ˈbær.ən
absolve,(~에 대해) 무죄임[책임 없음]을 선언하다,（尤指宗教或法律上）為（某人）解罪；赦免（某人）的罪；宣告（某人）無罪；免除（某人）的責任,əbˈzɒlv,əbˈzɒlv
bewitch,"넋을 빼놓다, 홀리다",使著迷；使迷惑,bɪˈwɪtʃ,bɪˈwɪtʃ
injurious,"손상을 주는[줄 듯한], 해로운[해로울 듯한]",有害的,ɪnˈdʒʊə.ri.əs,ɪnˈdʒʊə.ri.əs
strident,(소리가) 귀에 거슬리는[거친],刺耳的，尖厲的,ˈstraɪ.dənt,ˈstraɪ.dənt
advocate,(공개적으로) 지지하다[옹호하다],主張；擁護；支持；提倡,ˈæd.və.keɪt,ˈæd.və.keɪt
monochromatic,"단색의, 단채(單彩)의; 단색성의",,,
verity,진리,真實；事實,ˈver.ə.ti,ˈver.ə.ti
undertone,"숨은 뜻[감정], 함의, 저의",（文章或講話的）含意，弦外之音；（事件或情況的）蘊含意義,ˈʌn.də.təʊn,ˈʌn.də.təʊn
stalwart,(특히 정당의) 충실한 일꾼[당원],忠實的，忠誠的；可靠的,ˈstɔːl.wət,ˈstɔːl.wət
cauterize,(출혈이나 감염을 막기 위해 상처를) 지지다[소작하다],（為給傷口止血或防止感染而）烙，燒灼,ˈkɔː.tər.aɪz,ˈkɔː.tər.aɪz
concur,"동의하다, 의견 일치를 보다",同意，贊成；意見一致,kənˈkɜːr,kənˈkɜːr
idiosyncrasy,"특이한 성격[방식], 성벽, 별스러운 점",癖好，怪癖；特徵,ˌɪd.i.əˈsɪŋ.krə.si,ˌɪd.i.əˈsɪŋ.krə.si
dial,(시계계기 등의) 문자반[눈금판],撥號，按號碼,ˈdaɪ.əl,ˈdaɪ.əl
obscure,"잘 알려져 있지 않은, 무명의",無名的；鮮為人知的；默默無聞的,əbˈskjʊər,əbˈskjʊər
percipient,통찰력 있는,目光敏銳的；洞察力強的,pəˈsɪp.i.ənt,pəˈsɪp.i.ənt
chagrin,"원통함, 분함",（尤指失敗或錯誤引起的）失望，懊喪，懊惱,ˈʃæɡ.rɪn,ˈʃæɡ.rɪn
portentous,(특히 불길한) 전조[징후]가 되는,自命不凡的，自大的；裝模作樣的,pɔːˈten.təs,pɔːˈten.təs
anthropocentric,인간중심주의의,人類中心說的,ˌæn.θrə.pəˈsen.trɪk,ˌæn.θrə.pəˈsen.trɪk
venal,(돈에 쉽게 매수되는) 부패한,（人）貪贓的，腐敗的，見利忘義的,ˈviː.nəl,ˈviː.nəl
peevish,짜증[화]을 잘 내는,易怒的，脾氣壞的,ˈpiː.vɪʃ,ˈpiː.vɪʃ
dulcify,,,,
cadaverous,죽은 사람[유령] 같은,死屍般的；慘白的；形容枯槁的,kəˈdæv.ər.əs,kəˈdæv.ər.əs
dogmatic,독단적인,武斷的；自以為是的；教條的,dɒɡˈmæt.ɪk,dɒɡˈmæt.ɪk
indubitably,"의심할 여지없이, 틀림없이",,,
epidemic,"유행병, 유행성 (전염병)",（疾病的）流行，傳染,ˌep.ɪˈdem.ɪk,ˌep.ɪˈdem.ɪk
hypocrite,위선자,偽君子，偽善者,ˈhɪp.ə.krɪt,ˈhɪp.ə.krɪt
bipartisan,양당의,為兩黨派所支持的；包括兩個黨派的,ˌbaɪˈpɑː.tɪ.zæn,ˌbaɪˈpɑː.tɪ.zæn
abjure,(신념 등을 공식적으로) 포기하다,公開放棄，聲明放棄（信念、行為、活動）,əbˈdʒʊər,əbˈdʒʊər
reminiscent,연상시키는,,,
antedate,<날짜·시기·시대 등이> …보다 선행하다,早於…存在,,
pandemic,전국[전 세계]적인 유행병,（疾病）大規模流行的，廣泛蔓延的,pænˈdem.ɪk,pænˈdem.ɪk
fervid,열렬한,,,
circles,"(주의, 목적 따위를 같이하는 사람들의) 집단, ~계(界)",,,
clamor,"(군중 등의) 시끄러운 외침, 떠들썩함",,,
centrifugal,원심(성)의,（旋轉的物體）離心的,ˌsen.trɪˈfjuː.ɡəl,ˌsen.trɪˈfjuː.ɡəl
umbrage,"분하게 여김, 불쾌, 분개",,,
anthropology,인류학,人類學,ˌæn.θrəˈpɒl.ə.dʒi,ˌæn.θrəˈpɒl.ə.dʒi
excursion,(보통 단체로 짧게 하는) 여행,（常指結伴同行的）遠足，短程旅行,ɪkˈskɜː.ʃən,ɪkˈskɜː.ʃən
hegemony,"헤게모니, 패권",（尤指國家的）霸權，支配權，領導權,hɪˈɡem.ə.ni,hɪˈɡem.ə.ni
discountenance,"…에 언짢은 표정을 짓다, 무안을 주다; …에 찬성하지 않다, …을 승인하지 않다",,,
reproach,"비난, 책망, 나무람",（尤指因為某人沒成功或沒達到預期目標而）責備，責怪，批評,rɪˈprəʊtʃ,rɪˈprəʊtʃ
indigenous,(어떤 지역) 원산의[토착의],當地的；本土的，土生土長的,ɪnˈdɪdʒ.ɪ.nəs,ɪnˈdɪdʒ.ɪ.nəs
irritable,짜증을 (잘) 내는; 화가 난,易怒的，暴躁的,ˈɪr.ɪ.tə.bəl,ˈɪr.ɪ.tə.bəl
paradoxical,역설의; 자기모순의,,,
banal,"지극히 평범한, 따분한, 시시한",平庸的，陳腐的,bəˈnɑːl,bəˈnɑːl
itinerant,(특히 일자리를 찾아) 떠돌아다니는[순회하는],（工作）巡迴的，流動的,aɪˈtɪn.ər.ənt,aɪˈtɪn.ər.ənt
intermittent,"간헐적인, 간간이 일어나는",間歇的，斷斷續續的,ˌɪn.təˈmɪt.ənt,ˌɪn.təˈmɪt.ənt
succumb,"굴복하다, 무릎을 꿇다",屈從，屈服；放棄抵抗；承認失敗,səˈkʌm,səˈkʌm
inveigh,"통렬히 비난하다, 독설을 퍼붓다, 욕설하다 ((against))",猛烈抨擊；痛駡,ɪnˈveɪ,ɪnˈveɪ
cubicle,(큰 방 한 쪽을 칸막이 해 만든) 좁은 방,（大房間中分隔出來的）小房間，小隔間,ˈkjuː.bɪ.kəl,ˈkjuː.bɪ.kəl
countenance,얼굴 (표정),面容；臉色；面部表情,ˈkaʊn.tən.əns,ˈkaʊn.tən.əns
faux pas,"실례, 무례",失言；失禮,ˌfəʊ ˈpɑː,ˌfəʊ ˈpɑː
altruist,이타주의자,,,
arid,매우 건조한,乾燥的，乾旱的,ˈær.ɪd,ˈær.ɪd
chromatic,반음계의,色彩的，顏色的,krəˈmæt.ɪk,krəˈmæt.ɪk
compatible,호환이 되는,可共存的；協調的；相容的,kəmˈpæt.ə.bəl,kəmˈpæt.ə.bəl
fell,(잉글랜드 북부 지방의) 언덕[고지],（fall 的過去式）,,
acrimonious,"폭언이 오가는, 험악한",激烈的；尖刻的；充滿火藥味的,ˌæk.rɪˈməʊ.ni.əs,ˌæk.rɪˈməʊ.ni.əs
enrapture,"황홀하게 만들다, 도취시키다",,,
optimum,최고[최적]의,最優的，最佳的；優化的,ˈɒp.tɪ.məm,ˈɒp.tɪ.məm
destitute,"극빈한, 궁핍한",一無所有的，赤貧的，一貧如洗的,ˈdes.tɪ.tʃuːt,ˈdes.tɪ.tʃuːt
aquatic,"물속[물가]에서 자라는[사는], 수생의",水棲的；水生的；水上的；水中（進行）的,əˈkwæt.ɪk,əˈkwæt.ɪk
ineffable,형언할 수 없는,（尤指喜悅）言語難以表達的，不可言喻的,ɪˈnef.ə.bəl,ɪˈnef.ə.bəl
querulous,"불평하는, 짜증내는",愛抱怨的，愛發牢騷的,ˈkwer.ə.ləs,ˈkwer.ə.ləs
ostensible,(실제로는 그렇지 않겠지만) 표면적으로는,表面上的；假稱的，假託的,ɒsˈten.sə.bəl,ɒsˈten.sə.bəl
pettish,심통[심술]을 부리는,,,
encumber,지장을 주다,使…負擔沈重；妨礙，阻礙；拖累,ɪnˈkʌm.bər,ɪnˈkʌm.bər
sepulchral,음침한; 장례식[무덤] 같은,暗示死亡的；墳墓似的；陰森森的,səˈpʌl.krəl,səˈpʌl.krəl
veneration,"[U] 존경; 숭배, 숭상",,,
trepidation,(앞일에 대한 굉장한) 두려움[공포],驚恐不安，惴惴不安,ˌtrep.ɪˈdeɪ.ʃən,ˌtrep.ɪˈdeɪ.ʃən
abstinence,"(도덕·종교·건강상의 이유로 인한 음식·술·섹스의) 자제, 금욕",節制；戒絕,ˈæb.stɪ.nəns,ˈæb.stɪ.nəns
morose,"시무룩한, 뚱한",陰鬱的；脾氣不好的；孤僻的,məˈrəʊs,məˈrəʊs
abnegation,자제; 거부,,,
unanimous,만장[전원]일치의,（團體）意見一致的；（決定或裁決）一致通過的，獲得全體支援的,juːˈnæn.ɪ.məs,juːˈnæn.ɪ.məs
guile,간교한 속임수,狡詐，奸詐，欺騙,ɡaɪl,ɡaɪl
embellish,"장식하다, 꾸미다",裝飾，修飾；給…錦上添花，渲染,ɪmˈbel.ɪʃ,ɪmˈbel.ɪʃ
indolence,"게으름, 나태",,,
periphrastic,에두르는,,,
corpulent,뚱뚱한(fat이라는 단어를 피하기 위해 씀),肥胖的，臃腫的,ˈkɔː.pjə.lənt,ˈkɔː.pjə.lənt
fratricide,형제[자매] 살해죄[범],殺害兄弟罪；殺害同類罪；殺害同胞罪,ˈfræt.rɪ.saɪd,ˈfræt.rɪ.saɪd
spurious,"거짓된, 겉으로만 그럴싸한",虛假的，欺騙的；（原因、判斷）謬誤的,ˈspjʊə.ri.əs,ˈspjʊə.ri.əs
errant,(행동이) 잘못된[정도를 벗어난],（尤指離家出走而）犯錯的，行爲不當的，出格的,ˈer.ənt,ˈer.ənt
burgeoning,<인구 등이> 급증하는; 급성장하는,迅速發展的,ˈbɜː.dʒən.ɪŋ,ˈbɜː.dʒən.ɪŋ
quiescent,"조용한, 잠잠한",（暫時）平靜的，靜止的,kwiˈes.ənt,kwiˈes.ənt
lucid,"명쾌한, 명료한",清晰的，明瞭的；（人）頭腦清醒的，說話清楚的,ˈluː.sɪd,ˈluː.sɪd
raillery,(어떤 사람에 대한 악의 없는) 농담,（善意的）戲謔，批評，揶揄,ˈreɪ.lər.i,ˈreɪ.lər.i
aphorism,경구(警句),格言，警句,ˈæf.ə.rɪ.zəm,ˈæf.ə.rɪ.zəm
succinct,"간단명료한, 간결한",簡明的；言簡意賅的,səkˈsɪŋkt,səkˈsɪŋkt
affiliation,(개인의 정치·종교적) 소속[가입],隸屬（關係）；從屬關係；聯繫,əˌfɪl.iˈeɪ.ʃən,əˌfɪl.iˈeɪ.ʃən
headlong,"(머리부터) 거꾸로, 곤두박질쳐서",速度很快地；輕率地,ˈhed.lɒŋ,ˈhed.lɒŋ
indoctrinate,(사상 등을) 주입[세뇌]하다,向…灌輸,ɪnˈdɒk.trɪ.neɪt,ɪnˈdɒk.trɪ.neɪt
circumstances,"사정, 상황",,,
anarchy,무정부 상태; 난장판,（尤指政府消亡或垮臺而引起的）無政府狀態，混亂狀態,ˈæn.ə.ki,ˈæn.ə.ki
vengeance,"복수, 앙갚음",報仇，復仇，報復；復仇心,ˈven.dʒəns,ˈven.dʒəns
immoderate,과도한; 터무니없는,過度的；不合理的；極端的,ɪˈmɒd.ər.ət,ɪˈmɒd.ər.ət
aberration,일탈; 일탈적인 행동[일],（暫時的）脫離常規；反常現象；異常行為,ˌæb.əˈreɪ.ʃən,ˌæb.əˈreɪ.ʃən
pragmatic,실용적인,講究實際的，重實效的；實用主義的,præɡˈmæt.ɪk,præɡˈmæt.ɪk
abrogate,(법령·합의 등을) 폐지하다[철폐하다],正式廢除，廢止；撤銷,ˈæb.rə.ɡeɪt,ˈæb.rə.ɡeɪt
bursar,(학교의) 회계 담당자,（學校、大學裡的）財務主管,ˈbɜː.sər,ˈbɜː.sər
adjure,"명하다, 요구하다",要求；命令；囑咐,əˈdʒʊər,əˈdʒʊər
ardor,"[UC] 열정, 정열, 열심; 열렬, 열중; [U] 작열",,,
fugitive,"도망자, 탈주자",逃亡者，逃犯；難民,ˈfjuː.dʒə.tɪv,ˈfjuː.dʒə.tɪv
prognosticate,"(전조에 의하여) 예지하다, 예언[예상]하다, 예측하다",（尤指針對特定情形的）預測,prɒɡˈnɒs.tɪ.keɪt,prɒɡˈnɒs.tɪ.keɪt
arson,방화,（尤指針對建築物的）縱火（罪），放火（罪）,ˈɑː.sən,ˈɑː.sən
happily,행복하게; 만족스럽게,高興地，幸福地,ˈhæp.əl.i,ˈhæp.əl.i
affluent,부유한,富裕的；富足的,ˈæf.lu.ənt,ˈæf.lu.ənt
apprehension,"우려, 불안",（對未來或即將發生的不愉快之事的）憂慮，擔心；恐懼,ˌæp.rɪˈhen.ʃən,ˌæp.rɪˈhen.ʃən
harmonious,"사이가 좋은, 조화로운",悅耳的，和諧的,hɑːˈməʊ.ni.əs,hɑːˈməʊ.ni.əs
oligarchy,"과두제, 과두 정부",寡頭統治（的政府）；寡頭統治集團,ˈɒl.ɪ.ɡɑː.ki,ˈɒl.ɪ.ɡɑː.ki
compendium,(특정 주제에 대한) 개요서[적요],（尤指以書的形式出現的關於特定主題的）匯編，概要，概略，綱要,None,None
precipitate,(특히 나쁜 일을) 촉발시키다,促成；使突如其來地發生；加速…的發生,prɪˈsɪp.ɪ.teɪt,prɪˈsɪp.ɪ.teɪt
diffuse,"널리 퍼진, 분산된",（使）擴散；（使）傳播；（使）散佈,dɪˈfjuːz,dɪˈfjuːz
dolorous,비통한; 비통해 하는,憂傷的，傷感的,ˈdɒl.ər.əs,ˈdɒl.ər.əs
suffuse,(온통) 퍼지다[번지다],彌漫於；布滿；充滿,səˈfjuːz,səˈfjuːz
ignoramus,무식한 사람,無知的人,ˌɪɡ.nəˈreɪ.məs,ˌɪɡ.nəˈreɪ.məs
partisan,편파[당파]적인,（常指盲目）支持的，擁護的；偏袒的,ˌpɑː.tɪˈzæn,ˌpɑː.tɪˈzæn
scathing,(비판이) 준열한[통렬한/가차 없는],嚴厲批評的，尖刻斥責的,ˈskeɪ.ðɪŋ,ˈskeɪ.ðɪŋ
dexterity,(손이나 머리를 쓰는) 재주,純熟，嫻熟；靈巧，敏捷,dekˈster.ə.ti,dekˈster.ə.ti
credulous,잘 믿는[속는],輕信的；易上當的,ˈkredʒ.ə.ləs,ˈkredʒ.ə.ləs
adept,능숙한,擅長的；熟練的；內行的,əˈdept,əˈdept
abject,"극도로 비참한, 절망적인",極其苦惱（赤貧，極度恐怖等）,ˈæb.dʒekt,ˈæb.dʒekt
collaborate,"협력하다, 공동으로 작업하다",合作；協作,kəˈlæb.ə.reɪt,kəˈlæb.ə.reɪt
gratuity,"행하(行下), 팁",小費，賞錢,ɡrəˈtʃuː.ə.ti,ɡrəˈtʃuː.ə.ti
pedant,(특히 무엇을 배우거나 가르칠 때) 지나치게 규칙을 찾는[세세한 것에 얽매이는] 사람,書呆子，學究,ˈped.ənt,ˈped.ənt
dictatorial,"독재(자)의, 독재적인",獨裁的，專制的；專橫的,ˌdɪk.təˈtɔː.ri.əl,ˌdɪk.təˈtɔː.ri.əl
induce,"설득하다, 유도하다",誘使；勸說,ɪnˈdʒuːs,ɪnˈdʒuːs
abduct,유괴[납치]하다,綁架；劫持；誘拐,æbˈdʌkt,æbˈdʌkt
profuse,"많은, 다량의",極其豐富的，充沛的,prəˈfjuːs,prəˈfjuːs
unstinting,"아낌없는, 아낌없이 주는",極慷慨的，極大方的,ʌnˈstɪn.tɪŋ,ʌnˈstɪn.tɪŋ
dexterous,"손재주가 비상한, 솜씨 좋은",,,
breviloquent,[Adjective] Exhibiting breviloquence; concise.,,,
dissipate,소멸되다; 소멸하다[시키다],（使）逐漸消失；（使）逐漸浪費掉,ˈdɪs.ɪ.peɪt,ˈdɪs.ɪ.peɪt
amorous,"성관계를 원하는, 육욕적인 애정을 보이는",表示性愛的；色情的,ˈæm.ə.rəs,ˈæm.ə.rəs
despotic,전제[독재]적인; 횡포한,,,
adumbrate,개요를[개략적으로] 알려주다,（尤指對未來的事情）概括說明，勾畫輪廓,ˈæd.əm.breɪt,ˈæd.əm.breɪt
fortissimo,"포르티시모, 매우 세게",,,
sinuous,"(이동 중에 우아하게) 선회하는; 물결 모양의, 구불구불한",蜿蜒的，彎曲的,ˈsɪn.ju.əs,ˈsɪn.ju.əs
stoic,"금욕주의자, 극기심이 강한 사람",克制感情的；（尤指面對逆境）堅忍的，隱忍的,ˈstəʊ.ɪk,ˈstəʊ.ɪk
dubious,"의심하는, 미심쩍어 하는",半信半疑的，可疑的；不確定的；不可信的,ˈdʒuː.bi.əs,ˈdʒuː.bi.əs
peremptory,"위압적인, 독단적인",不容置辯的；專橫的，霸道的,pəˈremp.tər.i,pəˈremp.tər.i
mea culpa,"메아 쿨파, 내 탓이로소이다",我的過失；我應受譴責；我應負責任,ˌmeɪ.ə ˈkʊl.pə,ˌmeɪ.ə ˈkʊl.pə
concentrate,"(정신을) 집중하다[집중시키다], 전념하다",專注，專心；全神貫注；集中（注意力）,ˈkɒn.sən.treɪt,ˈkɒn.sən.treɪt
equivocal,모호한,含糊的；模棱兩可的；有歧義的,ɪˈkwɪv.ə.kəl,ɪˈkwɪv.ə.kəl
acquisitive,소유욕[물욕]이 많은,（對財物）渴望得到的，迫切求取的；貪婪的,əˈkwɪz.ɪ.tɪv,əˈkwɪz.ɪ.tɪv
pellucid,"티 하나 없이 깨끗한[맑은], 투명한",,,
centipede,지네,蜈蚣，百足蟲,ˈsen.tɪ.piːd,ˈsen.tɪ.piːd
disperse,"(이리저리) 흩어지다, 해산하다; 해산시키다",（使）擴散，（使）散開，（使）分散,dɪˈspɜːs,dɪˈspɜːs
subterfuge,속임수,花招，伎倆；詭計,ˈsʌb.tə.fjuːdʒ,ˈsʌb.tə.fjuːdʒ
heterosexual,이성애자,異性戀者,ˌhet.ər.əˈsek.ʃu.əl,ˌhet.ər.əˈsek.ʃu.əl
lassitude,노곤함; 무기력,疲憊，疲勞；倦怠,ˈlæs.ɪ.tʃuːd,ˈlæs.ɪ.tʃuːd
ardent,"열렬한, 열정적인",熱烈的；激情的；強烈的,ˈɑː.dənt,ˈɑː.dənt
chortle,(기쁘거나 재미있어서) 깔깔거리다,（常指幸災樂禍地）哈哈大笑，咯咯地笑,ˈtʃɔː.təl,ˈtʃɔː.təl
choleric,"화를 잘 내는, 걸핏하면 화를 내는",暴怒的；易怒的，性情暴躁的,kɒlˈer.ɪk,kɒlˈer.ɪk
probity,(완전한) 정직성,誠實,ˈprəʊ.bə.ti,ˈprəʊ.bə.ti
auspicious,상서로운,吉利的，吉祥的,ɔːˈspɪʃ.əs,ɔːˈspɪʃ.əs
circumvent,(어려움이나 법 등을) 피하다[면하다],（尤指巧妙或非法地）逃避，規避，繞過,ˌsɜː.kəmˈvent,ˌsɜː.kəmˈvent
persevere,"인내하며[굴하지 않고] 계속하다, 인내심을 갖고 하다",鍥而不捨，堅持不懈,ˌpɜː.sɪˈvɪər,ˌpɜː.sɪˈvɪər
aqueduct,송수로[교],（尤指跨越山谷的多拱的）高架渠，渡槽,ˈæk.wə.dʌkt,ˈæk.wə.dʌkt
fable,우화,寓言；寓言故事,ˈfeɪ.bəl,ˈfeɪ.bəl
pedestrian,보행자,行人，步行者,pəˈdes.tri.ən,pəˈdes.tri.ən
smorgasbord,스모가스보드(온갖 음식이 다양하게 나오는 뷔페식 식사),（包含不同熱菜和冷菜的）北歐式自助餐,ˈsmɔː.ɡəs.bɔːd,ˈsmɔː.ɡəs.bɔːd
sordid,"비도덕적인, 부정직한, 추악한",骯髒的，邋遢的,ˈsɔː.dɪd,ˈsɔː.dɪd
endogamous,동족 결혼에 의한[에 관한],,,
vacillate,(의견·생각이 남이 볼 때 짜증스러울 정도로) 흔들리다[자꾸 바뀌다],躊躇；猶豫；搖擺不定,ˈvæs.ɪ.leɪt,ˈvæs.ɪ.leɪt
ring,"전화하다, 전화를 걸다",環（狀物）；圓形的東西；環形排列,rɪŋ,rɪŋ
recur,"<사람·이야기 등이>  되돌아가다 , 회상하다, 되돌아가 말하다 ((to)); 마음에 다시 떠오르다, 회상되다",反復出現；再次發生；重新産生,rɪˈkɜːr,rɪˈkɜːr
elegiac,애가[비가]의,輓歌（體）的,ˌel.ɪˈdʒaɪ.ək,ˌel.ɪˈdʒaɪ.ək
evident,"분명한, 눈에 띄는",顯然易見的；明白的，明顯的,ˈev.ɪ.dənt,ˈev.ɪ.dənt
recondite,"많이 알려지지 않은, 잘 이해받지 못하는",深奧的；玄妙的；晦澀的,ˈrek.ən.daɪt,ˈrek.ən.daɪt
subjugate,"예속시키다, 지배[통제]하에 두다",征服，使臣服，使屈服,ˈsʌb.dʒə.ɡeɪt,ˈsʌb.dʒə.ɡeɪt
infinitesimal,"극미한, 극소의",極微小的,ˌɪn.fɪ.nɪˈtes.ɪ.məl,ˌɪn.fɪ.nɪˈtes.ɪ.məl
aberrant,"도리를 벗어난, 일탈적인",違反常規的；反常的；異常的（尤指不能接受的）,əˈber.ənt,əˈber.ənt
miserly,구두쇠[수전노]인,守財奴似的；吝嗇鬼似的；吝嗇的，小氣的,ˈmaɪ.zəl.i,ˈmaɪ.zəl.i
apogee,"정점, 절정",（成功、流行、權力等的）頂峰，頂點，最高點,ˈæp.ə.dʒiː,ˈæp.ə.dʒiː
conjugal,"부부의, 부부 관계의",婚姻的；夫妻間的（尤指性生活）,ˈkɒn.dʒə.ɡəl,ˈkɒn.dʒə.ɡəl
effervescent,"열광하는, 기운이 넘치는",冒泡的；起沫的；泡騰的,ˌef.əˈves.ənt,ˌef.əˈves.ənt
brevet,명예 진급,,,
abhor,(특히 도덕적인 이유로) 혐오하다,憎惡；憎恨；厭惡,əˈbɔːr,əˈbɔːr
proponent,(어떤 사상·행동 방침의) 지지자,提倡者，宣導者，辯護者,prəˈpəʊ.nənt,prəˈpəʊ.nənt
pessimistic,비관적인; 비관주의적인,悲觀的,ˌpes.ɪˈmɪs.tɪk,ˌpes.ɪˈmɪs.tɪk
desiccate,"건조시키다, <식품을> 물기를 빼서 건물(乾物)[가루]로 보관하다",,,
proffer,(물건을 잡고) 내밀다[권하다],提供，提出,ˈprɒf.ər,ˈprɒf.ər
pique,(보통 자존심이 상해서 갖게 되는) 불쾌감[언짢음],（尤指因自尊心受損而產生的）不悅，生氣,piːk,piːk
lexicon,(특정 언어·분야·개인·집단에서 사용하는 모든) 어휘,（某語言或學科的）全部辭彙；詞典,ˈlek.sɪ.kən,ˈlek.sɪ.kən
ravage,"황폐[피폐]하게 만들다, 유린[파괴]하다",嚴重破壞；損壞；毀壞,ˈræv.ɪdʒ,ˈræv.ɪdʒ
antebellum,(특히 미국 남북) 전쟁 전의,戰前的；尤指美國內戰之前的,ˌæn.tiˈbel.əm,ˌæn.tiˈbel.əm
counterfeit,"위조의, 모조의",僞造的；仿造的；假冒的,ˈkaʊn.tə.fɪt,ˈkaʊn.tə.fɪt
bacchanalian,"흥청망청 대는, 진탕 마셔 대는",（尤指派對）瘋狂地飲酒作樂的,ˌbæk.əˈneɪ.li.ən,ˌbæk.əˈneɪ.li.ən
autonomy,자치권,自治，自治權,ɔːˈtɒn.ə.mi,ɔːˈtɒn.ə.mi
disciple,(종교적·정치적 가르침을 따르는) 제자[신봉자],信徒，門徒，追隨者,dɪˈsaɪ.pəl,dɪˈsaɪ.pəl
perfidious,믿을[신뢰할] 수 없는,背信棄義的；不忠貞的,pəˈfɪd.i.əs,pəˈfɪd.i.əs
fumigate,훈증 소독하다,（用毒性氣體）薰蒸，煙熏（以除害蟲或消毒）,ˈfjuː.mɪ.ɡeɪt,ˈfjuː.mɪ.ɡeɪt
prosaic,"평범한, 상상력이 없는",乏味的；平淡無奇的；缺乏想像力的,prəˈzeɪ.ɪk,prəˈzeɪ.ɪk
demur,이의를 제기하다,提出異議；拒絕,dɪˈmɜːr,dɪˈmɜːr
antidote,해독제,解毒劑；（尤指）解毒藥,ˈæn.ti.dəʊt,ˈæn.ti.dəʊt
exonerate,무죄임[책임이 없음]을 밝혀 주다,證明…無罪；宣佈…無罪；使免受責備,ɪɡˈzɒn.ə.reɪt,ɪɡˈzɒn.ə.reɪt
odious,"끔찍한, 혐오스러운",討厭的；可惡的，可憎的,ˈəʊ.di.əs,ˈəʊ.di.əs
mendacity,거짓된 행동; 허위,撒謊習慣；說謊,menˈdæs.ə.ti,menˈdæs.ə.ti
bombastic,"과장한, 허풍 떠는",誇誇其談的；誇大的,bɒmˈbæs.tɪk,bɒmˈbæs.tɪk
antipathy,(강한) 반감,憎惡，厭惡；反感,ænˈtɪp.ə.θi,ænˈtɪp.ə.θi
abnormal,비정상적인,反常的；異常的；變態的（尤指不好的）,æbˈnɔː.məl,æbˈnɔː.məl
fugue,푸가,賦格曲,fjuːɡ,fjuːɡ
expatiate,"상세히 설명하다[말하다] ((on, upon))",長篇大論；贅述；詳述,ekˈspeɪ.ʃi.eɪt,ekˈspeɪ.ʃi.eɪt
congenital,선천적인,（疾病等）天生的，先天的,kənˈdʒen.ɪ.təl,kənˈdʒen.ɪ.təl
astute,"약삭빠른, 영악한",敏銳的；精明的,əˈstʃuːt,əˈstʃuːt
budding,싹트기 시작하는; 신예의,開始發展的；嶄露頭角的,ˈbʌd.ɪŋ,ˈbʌd.ɪŋ
fidelity,충실함,（尤指對性伴侶的）忠誠，忠實，忠貞,fɪˈdel.ə.ti,fɪˈdel.ə.ti
adherent,(정당·사상 등의) 지지자,黏性的；黏著的；附著的,ədˈhɪə.rənt,ədˈhɪə.rənt
android,안드로이드(인간의 모습을 한 로봇),人型機器人；模擬機器人,ˈæn.drɔɪd,ˈæn.drɔɪd
intemperate,무절제한,（人或其言行）無節制的，過激的，放縱的,ɪnˈtem.pər.ət,ɪnˈtem.pər.ət
discursive,"두서없는, 산만한",推論的，論證的,dɪˈskɜː.sɪv,dɪˈskɜː.sɪv
petulant,"심술을 부리는, 심통 사나운",耍孩子脾氣的，任性的；脾氣暴躁的,ˈpetʃ.ə.lənt,ˈpetʃ.ə.lənt
bemusing,"멍하게 만들다, 어리벙벙하게 하다; 생각에 잠기게 하다",,,
simper,바보같이[멍청하게] 웃다,傻笑，癡笑,ˈsɪm.pər,ˈsɪm.pər
confluence,(두 강의) 합류 지점,（河流）匯合處，匯流點,ˈkɒn.fluː.əns,ˈkɒn.fluː.əns
deft,"날랜, 재빠른",熟練的；巧妙的；靈巧的,deft,deft
wanton,(파괴·위해 행위가) 타당한 이유 없이 고의적인[악의적인],無節制的，過分的，恣意的；不負責的,ˈwɒn.tən,ˈwɒn.tən
intravenous,"정맥으로 들어가는, 정맥 주사의",進入靜脈的；靜脈的,ˌɪn.trəˈviː.nəs,ˌɪn.trəˈviː.nəs
conjunction,접속사,連詞，連接詞,kənˈdʒʌŋk.ʃən,kənˈdʒʌŋk.ʃən
salubrious,"살기 좋은, 건강에 좋은",（地方）環境宜人且有益健康的，宜居的,səˈluː.bri.əs,səˈluː.bri.əs
sojourn,체류,逗留，停留,ˈsɒdʒ.ən,ˈsɒdʒ.ən
dilatory,미적거리는; 지체시키는,緩慢的，拖延的，遲緩的,ˈdɪl.ə.tər.i,ˈdɪl.ə.tər.i
hypocritical,"위선의, 위선(자)적인",虛偽的；偽善的,ˌhɪp.əˈkrɪt.ɪ.kəl,ˌhɪp.əˈkrɪt.ɪ.kəl
aver,(사실이라고) 단언하다[주장하다],斷言；堅稱,əˈvɜːr,əˈvɜːr
bilious,곧 토할 것 같은,患膽病的；膽汁分泌過多的,ˈbɪl.i.əs,ˈbɪl.i.əs
docile,"유순한, 고분고분한",溫和的；溫順的，馴服的；易控制的,ˈdəʊ.saɪl,ˈdəʊ.saɪl
infringe,위반하다,違反，違背（規定、法律等）,ɪnˈfrɪndʒ,ɪnˈfrɪndʒ
phonetics,음성학,語音學,fəˈnet.ɪks,fəˈnet.ɪks
ribald,(우스꽝스럽게) 야한,（指言語）粗俗詼諧的；猥褻逗笑的,ˈrɪb.əld,ˈrɪb.əld
aperture,(작은) 구멍,小孔；縫隙；（尤指照相機的）孔徑，光圈,ˈæp.ə.tʃər,ˈæp.ə.tʃər
antithetic,"대조되는; 정반대의; 대조법의, 대구(對句)의",,,
junta,(쿠데타로 정권을 장악한) 군사 정부,（以武力奪取政權的）軍政府,ˈdʒʌn.tə,ˈdʒʌn.tə
century,100년,一百年,ˈsen.tʃər.i,ˈsen.tʃər.i
lease,임대차 계약,租借，租用,liːs,liːs
spellbind,"주문으로 얽매다, 마법[마술]을 걸다; 매혹하다",,,
remonstrate,항의[불평]하다,抗議；反對；抱怨,ˈrem.ən.streɪt,ˈrem.ən.streɪt
awry,(계획 등이) 빗나간[엉망이 된],離開預期方向（的）；出錯（的）,əˈraɪ,əˈraɪ
concord,화합,協調；和諧；和睦,ˈkɒŋ.kɔːd,ˈkɒŋ.kɔːd
derisive,조롱[조소]하는,嘲笑的，譏笑的，嘲諷的,dɪˈraɪ.sɪv,dɪˈraɪ.sɪv
subdue,진압하다,壓制；制服；控制,səbˈdʒuː,səbˈdʒuː
falsehood,거짓임; 거짓말하기,說謊,ˈfɒls.hʊd,ˈfɒls.hʊd
respite,"(곤경·불쾌한 일의) 일시적인 중단, 한숨 돌리기",暫停；暫時中止；暫時緩解,ˈres.paɪt,ˈres.paɪt
benediction,축복(의 기도),向上帝祈福,ˌben.ɪˈdɪk.ʃən,ˌben.ɪˈdɪk.ʃən
renounce,"(직함·직책 등을 공식적으로) 포기[단념]하다, 포기를 선언하다",聲明放棄；宣佈放棄；棄絕,rɪˈnaʊns,rɪˈnaʊns
consanguine,,,,
prognosis,예후(豫後),預後，預斷（指醫生對病情發展的預測）,prɒɡˈnəʊ.sɪs,prɒɡˈnəʊ.sɪs
homeostasis,항상성,內環境穩定，體內動態平衡（生物、活細胞、組織等，在其外部環境變化的情況下，保持內部不變或平衡狀態的能力或趨向）,ˌhəʊ.mi.əʊˈsteɪ.sɪs,ˌhəʊ.mi.əʊˈsteɪ.sɪs
charade,"가식, 위장",顯而易見的作假；明顯的偽裝,ʃəˈrɑːd,ʃəˈrɑːd
counterpart,"(다른 장소나 상황에서 어떤 사람·사물과 동일한 지위나 기능을 갖는) 상대, 대응 관계에 있는 사람[것]",（與不同地方或組織的人或物）作用相同者，相對應者,ˈkaʊn.tə.pɑːt,ˈkaʊn.tə.pɑːt
mendacious,"진실을 말하지 않는, 허위인",虛假的，捏造的，不真實的,menˈdeɪ.ʃəs,menˈdeɪ.ʃəs
engender,(어떤 감정·상황을) 낳다[불러일으키다],引起（某種感覺）；導致；産生,ɪnˈdʒen.dər,ɪnˈdʒen.dər
centrifuge,원심 분리기,離心機,ˈsen.trɪ.fjuːdʒ,ˈsen.trɪ.fjuːdʒ
dogma,"(독단적인) 신조, 도그마",（尤指宗教的）教義，教條，信條,ˈdɒɡ.mə,ˈdɒɡ.mə
ration,(전시 같은 경우에 식품연료 등의) 배급량,（尤指在分配物短缺時的）配給量，定量配給,ˈræʃ.ən,ˈræʃ.ən
clement,온화한,（指天氣）溫和的，宜人的,ˈklem.ənt,ˈklem.ənt
polyphony,"다성음악, 폴리포니",多聲曲；複調音樂,pəˈlɪf.ən.i,pəˈlɪf.ən.i
enamored,"매혹된, 홀딱 반한, 사랑에 빠진",,,
assay,"금속의 순도 분석, 시금",鑒定，化驗，分析（化學物質的純度）,əˈseɪ,əˈseɪ
spurn,"퇴짜 놓다, 일축하다",輕蔑地拒絕；摒棄,spɜːn,spɜːn
dudgeon,단검 손잡이용 목재; 그 나무 손잡이[자루].,,,
homogeneous,동종[동질]의,由同類事物（或人）組成的；同類的；相似的,ˌhɒm.əˈdʒiː.ni.əs,ˌhɒm.əˈdʒiː.ni.əs
bemused,어리벙벙한,糊塗的；茫然的,bɪˈmjuːzd,bɪˈmjuːzd
philanderer,바람둥이 (남자),玩弄女性者，風流男子,fɪˈlæn.dər.ər,fɪˈlæn.dər.ər
lament,애통[한탄/통탄]하다,對…感到悲痛，對…表示失望，痛惜,ləˈment,ləˈment
rationing,배급제도,配給制；定量配給,ˈræʃ.ən.ɪŋ,ˈræʃ.ən.ɪŋ
cessation,"중단, 중지",結束，停止；中斷，中止,sesˈeɪ.ʃən,sesˈeɪ.ʃən
adhere,"들러붙다, 부착되다",黏附；附著,ədˈhɪər,ədˈhɪər
doleful,애절한,悲傷的，哀傷的,ˈdəʊl.fəl,ˈdəʊl.fəl
avert,"방지하다, 피하다",防止，避免,əˈvɜːt,əˈvɜːt
fawn,엷은 황갈색의,幼鹿,fɔːn,fɔːn
orthodox,"정통의, 전통적인",（信仰、觀點或活動）正統的，傳統的，普遍接受的,ˈɔː.θə.dɒks,ˈɔː.θə.dɒks
tyro,초보자,初學者，新手,ˈtaɪ.rəʊ,ˈtaɪ.rəʊ
neophyte,초보자,新手；初學者,ˈniː.ə.faɪt,ˈniː.ə.faɪt
importance,중요성,重要性,ɪmˈpɔː.təns,ɪmˈpɔː.təns
ersatz,대용[모조]품의,（通常指因爲某物過於昂貴或稀有而以其他事物）代用的,ˈeə.zæts,ˈeə.zæts
paradigm,전형적인 예[양식],範例，示例,ˈpær.ə.daɪm,ˈpær.ə.daɪm
inclination,(…하려는) 의향[뜻]; 성향,傾向；愛好；意向,None,None
corroborate,"(진술·이론 등을 뒷받침하는 증거나 정보를) 제공하다, 확증[입증]하다",證實，確證,kəˈrɒb.ə.reɪt,kəˈrɒb.ə.reɪt
fledgling,(막 날기 시작한) 어린 새,（學飛的）幼鳥,ˈfledʒ.lɪŋ,ˈfledʒ.lɪŋ
anachronism,시대착오적인 사람[관습/생각],時代錯誤，年代誤植，不合時代的人（或物）,əˈnæk.rə.nɪ.zəm,əˈnæk.rə.nɪ.zəm
synagogue,"유대교 회당, 시너고그",猶太教堂，猶太會堂,ˈsɪn.ə.ɡɒɡ,ˈsɪn.ə.ɡɒɡ
placate,(화를) 달래다,平息，安撫,pləˈkeɪt,pləˈkeɪt
libidinous,"호색의, 육욕적인",性慾強烈的，好色的,lɪˈbɪd.ɪ.nəs,lɪˈbɪd.ɪ.nəs
lull,"(활동 사이의) 잠잠한 시기, 소강상태",使安靜，使平和；使發困,lʌl,lʌl
wasp,말벌,黃蜂，螞蜂,wɒsp,wɒsp
diffident,"(자신감이 부족하여) 조심스러운, 소심한",羞怯的，怯生生的,ˈdɪf.ɪ.dənt,ˈdɪf.ɪ.dənt
exacerbate,(특히 질병·문제를) 악화시키다,使惡化；使加重；使加劇,ɪɡˈzæs.ə.beɪt,ɪɡˈzæs.ə.beɪt
bona fide,"진실된, 진짜의",真的；真實的，非虛假的,ˌbəʊ.nə ˈfaɪ.di,ˌbəʊ.nə ˈfaɪ.di
itinerary,여행 일정표,旅行計劃，預定行程,aɪˈtɪn.ər.ər.i,aɪˈtɪn.ər.ər.i
rescind,(법률·계약·결정 등을) 폐지[해지/철회]하다,廢除；取消；撤銷,rɪˈsɪnd,rɪˈsɪnd
doctrinaire,교조적인,教條主義的；脫離實際的,ˌdɒk.trɪˈneər,ˌdɒk.trɪˈneər
amicable,"우호적인, 원만한",心平氣和的；不傷和氣的,ˈæm.ɪ.kə.bəl,ˈæm.ɪ.kə.bəl
altruistic,"이타적인(opp. egoistic, selfish)",利他的，無私心的,ˌæl.truˈɪs.tɪk,ˌæl.truˈɪs.tɪk
esurient,"게걸스러운, 탐욕스러운(greedy)",,,
reincarnation,환생,輪回轉世說,ˌriː.ɪn.kɑːˈneɪ.ʃən,ˌriː.ɪn.kɑːˈneɪ.ʃən
enchant,황홀하게[넋을 잃게] 만들다,使陶醉；使入迷,ɪnˈtʃɑːnt,ɪnˈtʃɑːnt
cloister,(보통 성당·수도원 등의 지붕이 덮인) 회랑,（尤指教堂、修道院等宗教建築的）迴廊,ˈklɔɪ.stər,ˈklɔɪ.stər
belittle,하찮게 만들다,輕視；貶低,bɪˈlɪt.əl,bɪˈlɪt.əl
convalescent,요양[회복]의; 요양[회복] 중인,處於康復期的病人,ˌkɒn.vəˈles.ənt,ˌkɒn.vəˈles.ənt
refulgent,환히 빛나는,,,
tyrannical,"폭군의, 압제적인",殘暴的；專制的,tɪˈræn.ɪ.kəl,tɪˈræn.ɪ.kəl
proselyte,"개종자(改宗者) ((to)); 전향자, 변절자",,,
amity,"우호, 친선",友好，和睦,ˈæm.ɪ.ti,ˈæm.ɪ.ti
extricate,(곤란한 상황에서) 해방되다[해방시키다],使擺脫，使脫離；解救,ˈek.strɪ.keɪt,ˈek.strɪ.keɪt
interstice,작은 틈[공간],裂縫；間隙,ɪnˈtɜː.stɪs,ɪnˈtɜː.stɪs
endemic,"(특정 지역·집단) 고유의, 고질적인, 풍토적인",（尤指疾病或情況）地方性的；（在某地或某些人中）特有的，流行的,enˈdem.ɪk,enˈdem.ɪk
lax,(일·규칙·기준 등에 대해) 느슨한[해이한],馬虎的,læks,læks
indigent,궁핍한,十分貧困的，十分貧窮的,ˈɪn.dɪ.dʒənt,ˈɪn.dɪ.dʒənt
courageous,용감한,勇敢的，有膽量的，有勇氣的,kəˈreɪ.dʒəs,kəˈreɪ.dʒəs
aversion,"아주 싫어함, 혐오감",厭惡，反感；討厭的人（或事物）,əˈvɜː.ʃən,əˈvɜː.ʃən
laud,칭찬하다,讚美，讚揚，讚頌,lɔːd,lɔːd
laudatory,"칭찬하는, 감탄하는",稱讚的，讚揚的，讚美的,ˈlɔː.də.tər.i,ˈlɔː.də.tər.i
incontrovertible,이론[반박]의 여지가 없는,不容置疑的；無可辯駁的,ɪnˌkɒn.trəˈvɜː.tə.bəl,ɪnˌkɒn.trəˈvɜː.tə.bəl
recline,(편안하게) 비스듬히 기대다[눕다],（使）斜倚；（使）斜躺；（使）向後倚靠,rɪˈklaɪn,rɪˈklaɪn
abstain,(투표에서) 기권하다,節制；戒絕（尤指不好的享樂）,æbˈsteɪn,æbˈsteɪn
forlorn,쓸쓸해 보이는,孤苦伶仃的，孤苦無依的,fəˈlɔːn,fəˈlɔːn
untoward,(보통 좋지 못한 방향으로) 뜻밖의[별다른],意外的；事與願違的,ˌʌn.təˈwɔːd,ˌʌn.təˈwɔːd
infidel,신앙심 없는 자(진정한 종교라고 여겨지는 것을 믿지 않는 사람을 모욕적으로 가리키는 말),（尤被基督徒和穆斯林用來互指）異教徒,ˈɪn.fɪ.dəl,ˈɪn.fɪ.dəl
discomfit,혼란스럽게[당황하게] 만들다,（尤指在精神上）使感到不舒服，使不安,dɪˈskʌm.fɪt,dɪˈskʌm.fɪt
vitriolic,독설에 찬,,,
mercenary,용병,唯利是圖的，貪財的,ˈmɜː.sən.ri,ˈmɜː.sən.ri
ravaged,파괴된,,,
holistic,전체론의,整體的，全面的,həˈlɪs.tɪk,həˈlɪs.tɪk
audacious,대담한,大膽的；敢於冒險的；魯莽的；放肆的,ɔːˈdeɪ.ʃəs,ɔːˈdeɪ.ʃəs
epithet,(칭찬이나 비판의 의도로 붙인) 별칭[묘사],（通常指在褒貶人時使用的）表述形容詞，修飾語,ˈep.ɪ.θet,ˈep.ɪ.θet
astonishment,깜짝[크게] 놀람,驚愕；驚訝,əˈstɒn.ɪʃ.mənt,əˈstɒn.ɪʃ.mənt
congruent,"크기와 형태가 동일한, 합동의",（數學圖形）全等的,ˈkɒŋ.ɡru.ənt,ˈkɒŋ.ɡru.ənt
abnegate,"<권리 등을> 버리다; <쾌락 등을> 끊다, 자제하다",克制；不容自己享受…,ˈæb.nɪ.ɡeɪt,ˈæb.nɪ.ɡeɪt
churlish,"막된, 무례한",粗魯無禮的，粗野的；不友好的；令人討厭的,ˈtʃɜː.lɪʃ,ˈtʃɜː.lɪʃ
penultimate,끝에서 두 번째의,倒數第二的,pəˈnʌl.tɪ.mət,pəˈnʌl.tɪ.mət
didactic,교훈적인,教訓的，說教的,daɪˈdæk.tɪk,daɪˈdæk.tɪk
din,(오래 계속되는 크고 불쾌한) 소음,喧囂，嘈雜聲,dɪn,dɪn
mishap,작은 사고[불행],厄運；不幸事故,ˈmɪs.hæp,ˈmɪs.hæp
adulterate,(음식이나 음료에) 불순물을 섞다,（在飲食中）摻雜，摻假,əˈdʌl.tə.reɪt,əˈdʌl.tə.reɪt
gibe,"놀려대다, 비웃다, 우롱하다, 조롱하다(jeer) ((at)), 웃음거리로 만들다",（jibe的另一種拼法）,,
mordacious,"물고 늘어지는, 무는 버릇이 있는",,,
anomalous,"변칙의, 이례적인",,,
accolade,"포상, 칭찬",讚美，讚賞；榮譽，嘉獎,ˈæk.ə.leɪd,ˈæk.ə.leɪd
vexing,"성가신, 귀찮은; 짜증나게 하는, 애태우는",,,
gabelle,세금(tax),,,
lethargic,"기면(嗜眠)성[증]의; 혼수(상태)의; 무기력한, 활발하지 못한; 둔감한",萎靡不振的，無精打采的；懶散的，倦怠的,ləˈθɑː.dʒɪk,ləˈθɑː.dʒɪk
mesmerize,"최면을 걸듯 마음을 사로잡다, 완전 넋을 빼놓다",迷住；迷惑,ˈmez.mə.raɪz,ˈmez.mə.raɪz
disinclination,내키지 않음; 열의 부족,厭惡，不情願,ˌdɪs.ɪŋ.klɪˈneɪ.ʃən,ˌdɪs.ɪŋ.klɪˈneɪ.ʃən
recreant,"용기 없는, 비겁한",,,
baneful,사악한,,,
connotation,함축(된 의미),內涵意義；隱含意義；聯想意義,ˌkɒn.əˈteɪ.ʃən,ˌkɒn.əˈteɪ.ʃən
exclaim,"소리치다, 외치다",（因吃驚、害怕、喜悅等）呼喊，驚叫,ɪkˈskleɪm,ɪkˈskleɪm
dictum,"격언, 금언",格言，雋語,ˈdɪk.təm,ˈdɪk.təm
threnody,"비가(悲歌), 애가(哀歌)",,,
polity,정치적 조직체,政治組織,ˈpɒl.ə.ti,ˈpɒl.ə.ti
cavil,트집을 잡다,無端指責；挑剔，吹毛求疵,ˈkæv.əl,ˈkæv.əl
covetous,"탐내는, 갈망하는",（尤指對屬於別人的東西）貪求的，垂涎的,ˈkʌv.ɪ.təs,ˈkʌv.ɪ.təs
meridian,자오선,子午線，經線,məˈrɪd.i.ən,məˈrɪd.i.ən
lugubrious,침울한,憂傷的，憂鬱的，悲傷的,luːˈɡuː.bri.əs,luːˈɡuː.bri.əs
augur,(상서로운 또는 상서롭지 못한) 전조[조짐]가 되다,預示，是…的預兆,ˈɔː.ɡər,ˈɔː.ɡər
contention,"논쟁, 언쟁",爭論；紛爭；口角,kənˈten.ʃən,kənˈten.ʃən
apathy,무관심,無興趣，懈怠；（尤指對重要事情的）漠不關心，無動於衷,ˈæp.ə.θi,ˈæp.ə.θi
pillory,(남들이 보는 데서) 강력히 비판하다,嚴厲抨擊；（尤指）公開批評,ˈpɪl.ər.i,ˈpɪl.ər.i
renege,(약속·합의 등을) 어기다[저버리다/취소하다],違背（諾言）；違約；背信,rɪˈneɪɡ,rɪˈneɪɡ
legitimate,"정당한, 타당한, 적당한",合法的，正當的，法律允許的,ləˈdʒɪt.ə.mət,ləˈdʒɪt.ə.mət
deferential,"경의를 표하는, 공손한(respectful)",尊重的，尊敬的，恭敬的,ˌdef.əˈren.ʃəl,ˌdef.əˈren.ʃəl
fractious,"성[짜증]을 잘 내는, 괴팍한",易怒的；暴躁的,ˈfræk.ʃəs,ˈfræk.ʃəs
circuitous,빙 돌아가는,迂迴的，繞行的,sɜːˈkjuː.ɪ.təs,sɜːˈkjuː.ɪ.təs
gyrate,"빙빙 돌다, 선회하다; (특히 신체 일부를) 빙빙 돌리다",（通常指很快地）旋轉，迴旋，轉動,dʒaɪˈreɪt,dʒaɪˈreɪt
egregious,지독한,（錯誤等）極其嚴重的，極壞的，令人震驚的,ɪˈɡriː.dʒəs,ɪˈɡriː.dʒəs
encomium,찬사,贊詞，頌詞,ɪnˈkəʊ.mi.əm,ɪnˈkəʊ.mi.əm
impecunious,"동전 한 푼 없는, 무일푼의",沒錢的，貧窮的,None,None
synonym,"동의어, 유의어",同義詞，近義詞,ˈsɪn.ə.nɪm,ˈsɪn.ə.nɪm
digress,"주제에서 벗어나다, 다른 말을 하기 시작하다",離題，跑題,daɪˈɡres,daɪˈɡres
