unrivaled/:/경쟁자[상대]가 없는, 무적의, 무쌍의, 비할 데 없는
serendipity/:/뜻밖의 재미[기쁨]
cursive/:/필기체인
exhume/:/(특히 검시를 위해 시체를) 파내다[발굴하다]
talisman/:/(행운을 가져다준다고 여겨지는) 부적(符籍)
inane/:/어리석은; 무의미한
concentric/:/중심이 같은, 동심원의
abatement/:/감소, 감퇴; 경감, 완화; (가격·세 등의) 경감액
anathema/:/절대 반대(하는 것), 아주 싫은 것
acclaim/:/칭송하다, 환호를 보내다
flagrant/:/노골적인, 명백한
chicanery/:/교묘한 속임수
depraved/:/(도덕적으로) 타락한[부패한]
hike/:/하이킹, (장거리) 도보 여행
distaste/:/불쾌감, 혐오감
peruse/:/숙독[정독]하다
fusillade/:/연속 사격; 빗발치는 것
riposte/:/(특히 비판에 대한 기지 있는) 응수[반격]
conjecture/:/추측(한 내용)
mercurial/:/변덕스러운
acumen/:/(일에 대한) 감각
fallacy/:/(많은 사람들이 옳다고 믿는) 틀린 생각
intransigent/:/고집스러운, 비협조적인
ludicrous/:/터무니없는
articulate/:/(생각감정을) 분명히 표현하다[설명하다]
incursion/:/급습
vindictive/:/앙심을 품은, 보복을 하려는
perfunctory/:/형식[의무/습관]적인
allegory/:/우화, 풍자
fiduciary/:/(자산) 신탁의
rebuke/:/힐책[질책]하다, 꾸짖다
sardonic/:/가소롭다는 듯한, 냉소적인, 조소하는
agitate/:/(특히 법적·사회적 사항 등의 변경을 강력히) 주장하다[요구하다]
platitude/:/진부한 이야기[의견]
rue/:/후회하다
feigned/:/거짓의, 허위의; 꾸민
dilettante/:/딜레탕트, 호사가
lackadaisical/:/부주의한, 태만한
forfend/:/막다, 방지하다
deficient/:/(필수적인 것이) 부족한[결핍된]
novitiate/:/수사[수녀] 수련 기간
hemistich/:/(고대 영시의) 반행(半行), 불완전행(行)
ancillary/:/보조적인
refuge/:/피난(처), 피신(처), 도피(처)
waver/:/약하다, 약해지다, (불안정하게) 흔들리다[떨리다]
lavatory/:/변기; 화장실
forestall/:/미연에 방지하다
archenemy/:/최대의 적, 대적(大敵); (때로 the archenemy) 사탄(Satan), 마왕, 악마(Devil).
ephemeral/:/수명이 짧은, 단명하는
apostasy/:/[UC] 배교(背敎), 배신(背信); 변절, 탈당
iconology/:/도상학
autocrat/:/전제 군주, 독재자
progeny/:/(사람·동식물의) 자손
rancor/:/[UC] (깊은) 원한, 유감; 적의, 악의; 증오
palliate/:/(병을 치료하지는 않고) 증상만 완화시키다
avaricious/:/탐욕스러운, 욕심 많은(greedy)
dexter/:/오른쪽의
reimburse/:/배상[변제]하다
atrophy/:/(혈액 부족으로 인한 신체 부위의) 위축(증)
hapless/:/불운한, 불행한
pertinent/:/(특정한 상황에) 적절한[관련 있는]
incision/:/(특히 외과 수술 중의) 절개
trenchant/:/정곡을 찌르는
raucous/:/요란하고 거친, 시끌벅적한
​​agnostic/:/불가지론자
incumbent/:/(공적인 직위의) 재임자
credo/:/신조
equivocate/:/얼버무리다, 모호하게 말하다
fallacious/:/잘못된, 틀린
refractory/:/다루기 힘든, (행실이) 불량한
foreshadow/:/전조가 되다, 조짐을 나타내다
herbivorous/:/초식성(草食性)의(cf. CARNIVOROUS)
unctuous/:/(말·행동이) 번지르르한
ignominy/:/불명예, 수치
opaque/:/불투명한
belligerent/:/적대적인, 공격적인
alias/:/…라는 가명으로 알려진, 일명 …라 불리는
equanimity/:/(특히 힘든 상황에서의) 침착, 평정
labyrinth/:/미로
perhaps/:/아마, 어쩌면
apostle/:/사도(예수 열두 제자 중 한 사람)
affix/:/부착하다, 붙이다
precipice/:/벼랑
microcosm/:/소우주, (더 큰 것의) 축소판
affidavit/:/선서 진술서
chronometer/:/크로노미터(특히 항해 때 쓰는 정밀 시계)
susceptible/:/민감한
hector/:/위협하다
redress/:/(부당하거나 잘못된 것을) 바로잡다[시정하다]
proliferate/:/급증하다, (빠르게) 확산되다
denounce/:/맹렬히 비난하다
harangue/:/장광설을 늘어놓다
truculent/:/반항적인, 약간 공격적인
synchronize/:/동시에 발생하다[움직이다]; 동시에 발생하게[움직이게] 하다
euphonious/:/듣기 좋은
aspersion/:/비난, 비방, 중상
rebel/:/반역자
insidious/:/서서히[은밀히] 퍼지는
languid/:/(움직임이) 힘없는[느릿느릿한]; 나른한
cascade/:/작은 폭포
abash/:/[보통 수동형으로] 무안하게 하다; 당황하게 하다
holocaust/:/(특히 전쟁·화재로 인한) 대참사[대파괴]
expiate/:/속죄하다
whim/:/(일시적인) 기분, 변덕
bewilder/:/어리둥절하게[혼란스럽게] 만들다
defamation/:/중상, 명예 훼손
contradict/:/(어떤 사람의 말을) 부정[부인]하다, 반박하다
minatory/:/협박하는, 위협적인
acerbic/:/가혹한, 신랄한
acquit/:/무죄를 선고하다
hinder/:/저해[방해]하다, …을 못하게 하다
chromosome/:/염색체
condign/:/적절한
rejoinder/:/응수, 답변
intersperse/:/(…속에·사이에) 배치하다
teeter/:/(넘어질 듯이) 불안정하게 서다[움직이다]
pulchritudinous/:/몸매[외모]가 아름다운
facetious/:/경박한, 까부는
adroit/:/(특히 대인 관계에서) 노련한
terse/:/(예의에 어긋날 정도로) 간결한[간단한]
confide/:/(비밀을) 털어놓다
authoritarian/:/권위주의적인, 독재적인
deluge/:/폭우, 호우
millennium/:/(특히 예수 탄생을 기준으로 그 전후의) 천년
anecdote/:/일화
annuity/:/연금
cogent/:/설득력 있는
zeal/:/열의, 열성
engaging/:/호감이 가는, 매력적인
egress/:/떠남, 나감
legible/:/읽을[알아볼] 수 있는, 또렷한
hegemonic/:/지배하는, 패권을 장악한
verbose/:/장황한
ingratiate/:/환심을 사다
meander/:/구불구불하다
prodigal/:/(돈·시간·에너지·물자를) 낭비하는
cautery/:/[U] [의학] 소작(법); 뜸술; [C] 소작제; 소작기
indelible/:/잊을[지울] 수 없는
inscrutable/:/(사람·표정이) 불가해한[헤아리기 어려운]
beneficent/:/도움을 주는, 선을 베푸는; 친절한
caustic/:/가성의, 부식성의
volatile/:/변덕스러운
androgen/:/안드로겐, 남성호르몬
androgynous/:/양성(兩性)의 특징을 가진; 중성 같은
euphony/:/듣기 좋은 음조(opp. cacophony); [언어] 활(滑)음조, 음운 변화
rejuvenate/:/다시 젊어 보이게[젊은 기분이 들게] 하다, 활기를 되찾게 하다
obloquy/:/악평
disclaim/:/(무엇에 대해 모르거나 책임이 없다고) 말하다, (책임 등을) 부인하다
bemoan/:/한탄하다
disburse/:/(특정 목적을 위해 모은 돈에서) 지출하다
preponderance/:/(수적으로) 우세함[더 많음]
tendentious/:/과격한, 극단적인
plethora/:/과다, 과잉
dissipated/:/방탕한
myriad/:/무수함, 무수히 많음
bleak/:/암울한, 절망적인
amiable/:/쾌활한, 정감 있는
proclivity/:/(흔히 좋지 못한) 성향
oscillate/:/(감정·행동이 양극을) 계속 오가다
facsimile/:/복제, 복사
affable/:/상냥한, 사근사근한
conciliate/:/달래다, 회유하다
effluence/:/(광선·전기·액체 등의) 내뿜음, 발산, 방출, 흘러나옴(outflow)
culprit/:/범인
defile/:/(신성하거나 중요한 것을) 더럽히다
graphite/:/그래파이트, 흑연
circumlocution/:/에둘러[우회적으로] 말하기
monarchy/:/군주제
dignitary/:/고위 관리
dystrophy/:/영양 실조[장애]
distaff/:/(손으로 양털을 자을 때 쓰던) 실패
torpid/:/무기력한, 활기[열의] 없는
decadence/:/타락, 퇴폐
impetuous/:/성급한, 충동적인
copious/:/엄청난 (양의), 방대한
juvenilia/:/(작가·화가의) 젊은 시절 작품
equity/:/(한 회사의) 자기 자본; (자산의) 순수 가치
ascetic/:/금욕적인
junction/:/(도로·선로의) 교차로, 나들목
syllabus/:/교수요목
lexicographer/:/사전 편찬자
salacious/:/외설스러운, 음란한
credulity/:/쉽게[잘] 믿음
belle/:/미인; (특정한 장소의) 최고 미인
noisome/:/(극도로) 역겨운[고약한]
obstinate/:/고집 센, 완강한
courier/:/운반[배달]원; 택배 회사
referendum/:/국민 투표, 총선거
pardon/:/뭐라고요(상대방의 말을 알아듣지 못했을 때 다시 말해 달라는 뜻으로 하는 말)
collide/:/충돌하다, 부딪치다
incandescent/:/백열성의
vouch/:/<사물이> <…의 진실성[확실성·신뢰성]을> 보증[보장]하다 ((for))
hyperglycemia/:/고(高)[과(過)]혈당(증).
deflect/:/(특히 무엇에 맞고 난 뒤) 방향을 바꾸다[바꾸게 하다]
subaqueous/:/물속에 있는, 수중(용)의, 수중에서 일어나는
candid/:/솔직한
abstruse/:/난해한
curtail/:/축소[삭감/단축]시키다
chronology/:/연대순; 연대표
countermand/:/(특히 다른 주문을 함으로써 앞의 주문을) 철회하다
leviate/:/a gay guy who gets pointless tats
opprobrium/:/(대중의) 맹비난
occlude/:/(…을) 가리다[막다]
obviate/:/(문제·필요성을) 제거[배제]하다
wraith/:/(사람의 사망 직전·직후에 나타나는) 유령
anthology/:/(시)선집, 문집
confiscatory/:/몰수[압수]의; <세금 등을> 심하게 징수하는; 몰수와 마찬가지의
antediluvian/:/아주 구식인
jocose/:/익살스러운, 유머러스한
munificent/:/대단히 후한
influx/:/(많은 사람·자금·물건이) 밀어닥침[밀려듦]
kismet/:/숙명, 운명
exalt/:/(때로는 자격이 없는 사람을) 승격[격상]시키다
epidermis/:/(피부의) 표피[상피]
timorous/:/겁이 많은
remission/:/(병의) 차도
pernicious/:/치명적인(특히 그 영향이 서서히 알아차리기 힘들게 진행되는 경우)
exculpate/:/무죄를 입증[선언]하다
diurnal/:/주행성의
journal/:/(특정 주제나 전문 분야를 다루는) 신문[잡지], 저널, 학술지
paradox/:/역설적인 사람[것/상황]
filial/:/(부모에 대한) 자식의
macabre/:/(죽음이나 다른 무서운 것과 관련되어) 섬뜩한[으스스한]
moribund/:/소멸[절멸] 직전의
waspish/:/성질이 더러운, 화를 잘 내는
defer/:/미루다, 연기하다
abhorrence/:/(특히 도덕적인 이유에 의한) 혐오
detestation/:/아주 싫어함, 혐오, 증오(hatred)
eloquent/:/웅변[연설]을 잘 하는, 유창한
verdict/:/(배심원단의) 평결
mundane/:/재미없는, 일상적인
iconoclast/:/우상 파괴자, 인습 타파주의자
homonym/:/동철 (동음) 이의어(‘…할 수 있는’의 뜻을 나타내는 can과 ‘통조림으로 만들다’는 뜻의 can처럼 철자는 같으나 뜻은 다른 단어. 발음도 동일할 수 있음)
euphemism/:/완곡 어구[표현]
melodious/:/듣기 좋은, 음악 같은
eerily/:/무시무시하게, 무서워하여; 불가사의하게
apothegm/:/경구, 격언
attenuant/:/희석하는
brevity/:/간결성
incessant/:/끊임없는, 쉴새없는
amphibian/:/양서류 (동물)
turgid/:/복잡하고 따분한[이해하기 힘든]
gabby/:/수다스러운, 말이 많은
architect/:/건축가
misanthropic/:/사람을 싫어하는
largess/:/아낌없이 줌; (아낌없이 주어진) 선물, 축의(祝儀).
bolster/:/북돋우다, 강화[개선]하다
humility/:/겸손
dyslexia/:/난독증, 독서 장애
precursor/:/선도자(격인 사람·사물)
canny/:/(특히 재계·정계에서) 약삭빠른[영리한]
decay/:/부패, 부식
jocund/:/명랑한, 쾌활한
effulgent/:/찬란히 빛나는, 눈부신
sustenance/:/(음식·물 등) 생명을 건강하게 유지시켜 주는 것, 자양물
abolish/:/(법률·제도·조직을) 폐지하다
incisive/:/(사물 인식 능력이) 예리한[날카로운]
lectern/:/(책 등을 받치는) 독서대, (교회의) 성서대
fatuity/:/어리석음, 우둔
fraternal/:/공제(共濟)의(사상·이해관계가 같은 개인·집단이 서로 돕기 위한 것)
reproof/:/책망, 나무람
bicentennial/:/200년간 계속되는, 200년마다의
cum laude/:/우등으로(미국 대학 학위 취득자 우등 등급의 세 번째 등급)
reprehend/:/꾸짖다, 나무라다, 비난하다(blame)
archaic/:/낡은, 폐물이 된
spartan/:/검소하고 엄격한, 스파르타식의
equidistant/:/등거리의
antiseptic/:/소독제[약]
disjointed/:/연결이 안 되는, 일관성이 없는
chasten/:/잘못을 깨닫게 하다, 훈계하다
amoral/:/도덕관념이 없는
inherent/:/내재하는
callow/:/미숙한, 풋내기인
harbinger/:/(흔히 좋지 않은 일이 곧 일어날) 조짐
curt/:/퉁명스러운
dissect/:/(인체·동식물을) 해부[절개]하다
descry/:/(불현듯) 보게 되다
abet/:/(나쁜 일을) 사주하다[교사하다]
askance/:/의심[불신]의 눈으로; 옆으로, 비스듬히; 곁눈으로; 빗대어, 어물어물
thesaurus/:/유의어 사전
pithy/:/간결하나 함축적인
bilateral/:/쌍방의, 쌍무적인
infallible/:/결코 틀리지[실수하지] 않는
euthanasia/:/안락사
infusion/:/(어떤 것을 더 강하게·성공적이 되게 하기 위한) 투입
harried/:/몹시 곤란을 겪는, 어찌할 바를 모르는.
carom/:/(…에) 부딪쳐[맞고] 튀어나오다
ingenuous/:/순진한, 천진한, 사람을 잘 믿는
dichotomy/:/양분(兩分), 이분(二分)
fey/:/약간 특이한, 비현실적인 데가 있는
turpitude/:/대단히 부도덕한 행위
reclaim/:/(분실하거나 빼앗긴 물건 등을) 되찾다[돌려 달라고 하다]
duress/:/협박, 압력
vindicate/:/(특히 남들은 달리 생각할 때) …의 정당성을 입증하다
rent/:/집세, 방세, 지대, 임차료
disconsolate/:/암담한
relax/:/(즐기는 일을 하면서) 휴식을 취하다[느긋이 쉬다]
preclude/:/(~로 하여금 ~하지) 못하게 하다, (~가 ~하는 것을) 불가능하게 하다
predilection/:/(…을) 매우 좋아함
idiom/:/관용구, 숙어
assuage/:/(안 좋은 감정을) 누그러뜨리다[달래다]
extol/:/극찬[격찬]하다
incognito/:/자기 신분을 숨기고, 가명[익명]으로
dissemble/:/(진짜 감정·의도를) 숨기다, 가식적으로 꾸미다
slake/:/(물을 마셔) 갈증을 해소하다
acidulous/:/신맛이 나는
chronic/:/만성적인
admonish/:/꾸짖다, 책망하다
agnostic/:/불가지론자
sectarian/:/종파(宗派)의
chaste/:/(육체적으로) 순결한
eon/:/
scion/:/(특히 명문가의) 자손
auspice/:/[보통 pl.] 원조, 찬조, 보호(patronage)
duplicity/:/이중성, 표리부동
ontology/:/존재론
certitude/:/확신
extrapolate/:/(…을 기반으로) 추론[추정]하다
perjury/:/위증죄
carousal/:/흥청거림, 큰 술잔치[연회]
sanguine/:/낙관적인, 자신감이 넘치는
consummate/:/(결혼식 후) 첫날밤을 치르다[성관계를 하다]
mainstay/:/(무엇의 존재·성공을 가능하게 하는) 중심[대들보/기둥]
conducive/:/~에 좋은(어떤 일이 일어나기 쉽게 한다는 의미로)
aviation/:/항공(술)
bromide/:/브롬화물(과거엔 진정제로 쓰였음)
dilate/:/확장[팽창]하다[시키다], 키우다[커지다]
accelerant/:/촉진제, 촉매
mitigate/:/완화[경감]시키다
magnanimous/:/(특히 적이나 경쟁자에게) 도량이 넓은[너그러운]
seminal/:/(앞으로 전개될 일에) 중대한[영향력이 큰]
avid/:/(흔히 취미에) 열심인[열렬한]
cadaver/:/시체, 사체
tantamount/:/(나쁜 효과가) ~와 마찬가지의[~에 상당하는]
heterodox/:/이설[이교]의
leash/:/(개 등을 매어 두는) 가죽끈[줄], 사슬
insipid/:/맛[풍미]이 없는
bereave/:/(가족·친지와[를]) 사별하다[여의다]
gregarious/:/남과 어울리기 좋아하는, 사교적인
accede/:/(요청·제의 등에) 응하다
aggregate/:/합계, 총액
dauntless/:/불굴의
prolix/:/장황한
plaintive/:/(소리가) 애처로운[구슬픈]
undulating/:/물결 모양의, 올라갔다 내려갔다 하는
decelerate/:/(차량의) 속도를 줄이다
prescient/:/선견지명[예지력]이 있는
antibody/:/항체
objurgate/:/꾸짖다, 책망하다, 비난하다
zealot/:/(특히 종교·정치에) 열성적인 사람, 열성분자, 광신자
adjudicate/:/(분쟁에 대해) 판결[판정]을 내리다, 재결하다
dolor/:/슬픔, 비탄(grief)
indolent/:/게으른, 나태한
circuitous/:/빙 돌아가는
propitiator/:/달래는 사람 ; 화해시키는 사람.
reprobate/:/타락한 사람
espouse/:/(주의·정책 등을) 옹호[지지]하다
salutary/:/(흔히 불쾌해 보이지만) 유익한, 효과가 좋은
flippant/:/경솔한, 건방진
antecede/:/…에 선행하다, 앞서다
temper/:/(걸핏하면 화를 내는) 성질[성미]
cursory/:/대충 하는, 피상적인
ablution/:/목욕 (재계)
intrastate/:/주(州)내의
deride/:/조롱[조소]하다
aquamarine/:/아쿠아마린, 남옥(藍玉)
accretion/:/(서서히 막처럼 생기는) 부착물
dissonant/:/귀에 거슬리는, [음악] 불협화(음)의; 조화되지 않은(opp. harmonious)
rift/:/(사람들 사이의) 균열[틈]
sententious/:/무게를 잡는, 훈계조의
decamp/:/(흔히 몰래) 서둘러 떠나다
iniquity/:/부당성; 부당한 것
abate/:/(강도가) 약해지다; (강도를) 약화시키다[줄이다]
protagonist/:/(연극·영화·책 속의) 주인공
incubate/:/(알을) 품다
donate/:/(특히 자선단체에) 기부[기증]하다
fetid/:/악취가 진동하는
antagonism/:/적의, 적대감
jurisprudence/:/법학
holograph/:/자필문
affirm/:/단언하다
allude/:/암시하다, 시사(示唆)하다, 넌지시 말하다 ((to)) ((직접 언급할 때는 refer, mention을 씀; ⇒ refer [유의어/] ))
vortex/:/(물·공기 등의) 소용돌이
delineate/:/(상세하게) 기술하다[그리다/설명하다]
foible/:/(별로 해롭지 않은) 기벽[약점]
opulent/:/호화로운
perambulator/:/(바퀴 하나에 기다란 손잡이가 달린) 거리 측정계
simulate/:/…한 체[척]하다, 가장하다
compunction/:/죄책감, 거리낌
demise/:/(기관·사상·기업 등의) 종말
tenet/:/주의(主義), 교리(敎理)
deign/:/치사스럽지만[자기 격에 떨어지지만] 한다는 듯이 굴다
sorority/:/(미국 대학의) 여학생 클럽
dulcet/:/(소리가) 감미로운
vituperation/:/혹평
malignant/:/악성의
incantation/:/(마술을 걸기 위한) 주문[주문을 외기]
disclose/:/(특히 비밀이던 것을) 밝히다[폭로하다]
enumerate/:/열거하다
interdict/:/(법원의) 금지 명령
regress/:/퇴행[퇴보/회귀]하다
dyspepsia/:/소화 불량
elegy/:/애가, 비가
coherent/:/일관성 있는, 논리[조리] 정연한
inexorable/:/멈출[변경할] 수 없는, 거침없는
fortnight/:/2주일(간)
ensue/:/(어떤 일·결과가) 뒤따르다
inimical/:/~에 해로운[반하는/불리한]
undermine/:/(특히 자신감·권위 등을) 약화시키다
inflect/:/(단어·언어가) 굴절하다[어미·어형 변화를 하다]
presage/:/(보통 불길한 일의) 전조가 되다
hone/:/(특히 기술을) 연마하다
libertine/:/난봉꾼
satiate/:/(식욕·성욕 등을) 실컷 만족시키다, 물릴[질릴] 정도로 주다
epigram/:/경구(警句); 짧은 풍자시
tirade/:/장황한 비난, 장광설
gaucherie/:/어색함, 서투름
forthright/:/솔직 담백한
interregnum/:/(국가·조직 등에서 신임 지도자가 취임하기 전의) 최고 지도자 부재 기간
discord/:/불화, 다툼
deleterious/:/해로운, 유해한
philanthropic/:/인정 많은, 인자한; 박애(주의)의, 동포애의
erratic/:/불규칙한, 일정치 않은, 변덕스러운
chide/:/꾸짖다, 책망하다
cardiac/:/심장(병)의
hypochondriac/:/심기증 환자
turbid/:/탁한, 흐린
abrupt/:/돌연한, 갑작스런
peripatetic/:/(특히 일을 하러) 이동해 다니는
infatuated/:/(사랑하는 대상에게) 미쳐 있는[푹 빠진]
limpid/:/맑은
prevaricate/:/얼버무리다
trite/:/진부한; 독창적이지 못한
vituperate/:/호통치다, 욕설하다; 혹평하다
genuflect/:/무릎을 꿇다(경의를 표하거나 예배를 드리기 위해 한 쪽 또는 양 쪽 무릎을 꿇는 것)
abdicate/:/왕위에서 물러나다, 퇴위하다
dissuade/:/(~을 하지 않도록) ~를 설득[만류]하다
fealty/:/(특히 왕에 대한) 충성 서약
putative/:/(…로) 추정되는, 추정상의
decadent/:/타락한, 퇴폐적인
gainsay/:/부정하다, 반대하다
slothful/:/나태한
stultify/:/바보처럼 보이게 하다
bibliography/:/참고문헌 (목록)
criterion/:/(판단이나 결정을 위한) 기준
opulently/:/가멸지게, 부유하게; 풍부하게.
disdain/:/업신여김, 무시
obsolescent/:/<말·습관 등이> 쇠퇴해 가는, 사용되지 않게 되는; <기계 등이> 구식의
asperity/:/(말투나 태도가) 거침, 가혹함
perplexing/:/난처[당황]하게 하는; 착잡한, 복잡한
appraise/:/살피다, 뜯어보다
naive/:/(경험·지식 부족 등으로) 순진해 빠진, (모자랄 정도로) 순진한
compendious/:/모든 필요한 내용[사실들]을 담은
debauchery/:/방탕
diatribe/:/(말이나 글로 된 통렬한) 비판[공격]
galvanize/:/충격 요법을 쓰다
insinuate/:/(불쾌한 일을) 암시하다[넌지시 말하다]
misanthrope/:/사람을 싫어하는 사람
incorporation/:/[법] 법인격 부여, 법인[[미] 회사] 설립; [C] 결사, 법인 단체, 회사(corporation)
nimble/:/(동작이) 빠른, 날렵한
inculpate/:/죄를 씌우다; 비난하다; 연루(連累)시키다
nascent/:/발생기의, 초기의
ratify/:/비준[재가]하다
injunction/:/(법원의) 명령
progenitor/:/(사람·동식물의) 조상
cacophony/:/불협화음
geographic/:/지리학(상)의, 지리(학)적인.
baleful/:/악의적인, 해로운
intractable/:/아주 다루기 힘든
implication/:/(행동·결정이 초래할 수 있는) 영향[결과]
jocular/:/익살스러운, 유머러스한
emulate/:/(흠모하는 대상을) 모방하다[따라 가다]
commensurate/:/(크기·중요도·자질 등에) 어울리는[상응하는]
humble/:/겸손한
anomaly/:/변칙, 이례
cent/:/센트(100분의 1달러나 유로)
bursary/:/(보통 대학의) 학비 보조금[장학금]
endorse/:/(공개적으로) 지지하다
antonym/:/반의어
release/:/(갇히거나 구속되어 있는 상태에서) 풀어 주다, 석방[해방]하다
erudite/:/학식 있는, 박식한
degrade/:/비하[모멸]하다
grandiloquent/:/말을 거창하게 하는
circumspect/:/신중한
venerate/:/공경[숭배]하다
culpable/:/과실이 있는, 비난받을 만한
laconic/:/말을 많이 하지 않는, 할 말만 하는
obdurate/:/고집 센
loathing/:/혐오(감), 증오(심)
amatory/:/성욕의, 성적인
eugenics/:/우생학
effigy/:/조상(彫像)
rapacious/:/탐욕스러운
frankness/:/솔직, 터놓음
levee/:/(강가의) 제방
factitious/:/(진짜처럼 보이도록) 꾸며낸, 인위적인
malice/:/악의, 적의
peregrination/:/(특히 느리게 계속되는) 긴 여행[여정]
dorsal/:/(물고기나 동물의) 등에 있는[등의]
amulet/:/(불운 등을 막아 주는) 부적
homograph/:/동형이의어(‘절하다’는 뜻의 bow/baʊ/와 ‘활’이라는 뜻을 갖는 bow/bæʊ/, /boʊ/처럼 철자는 같으나 뜻은 다른 낱말. 발음은 같을 수도 있고 다를 수도 있음)
ambidextrous/:/양손잡이의, 양손을 다 잘 쓰는
excoriate/:/(피부가) 벗겨지게 하다, 찰과상을 입히다
curmudgeon/:/괴팍한 사람(보통 노인)
contrition/:/[U] (죄를) 뉘우침, 회오; [신학] 회개
hackneyed/:/진부한
cosmonaut/:/(과거 러시아의) 우주 비행사
belie/:/착각하게 만들다
pictionary/:/단어를 보고 그림을 그려서 어떤 단어인지 맞추는 게임. 보통 짝을 지어서 그룹 대 그룹으로 게임을 한다.	            
interim/:/(영구적인 것이 나올 때까지 존속시키기 위한) 중간[임시/과도]의
insouciant/:/무관심한; 태평한, 걱정 없는
capricious/:/변덕스러운
desert/:/사막
concordance/:/(어떤 책 등에서 그 속에 사용된 어휘들을 알파벳순으로 정리한) 용어 색인
efface/:/지우다, 없애다
gyrate/:/빙빙 돌다, 선회하다; (특히 신체 일부를) 빙빙 돌리다
enjoin/:/(무엇을 하도록) 명하다[이르다]
dismay/:/(충격을 받은 뒤의) 실망, 경악
fortuitous/:/우연한, (특히) 행운의
quotidian/:/일상적인, 보통의
intrinsic/:/고유한, 본질적인
lambaste/:/(특히 공개적으로) 맹공격[비판]하다
laxative/:/완하제(배변을 쉽게 하는 약·음식·음료)
esoteric/:/소수만 이해하는[즐기는], 비전(秘傳)의
melancholic/:/(특히 병적으로) 우울한
endow/:/(학교 등의 기관에 많은 돈을) 기부하다
alibi/:/알리바이
induct/:/취임시키다
condolence/:/애도, 조의
revile/:/매도하다
fissure/:/(특히 암석·지면의) 길게 갈라진 틈
orifice/:/(특히 인체의) 구멍
inchoate/:/이제 시작 단계인
sonorous/:/(소리가) 듣기 좋은, 낭랑한
immoral/:/비도덕적인, 부도덕한
fluctuation/:/(방향·위치·상황의) 변동, 오르내림; 파동; (사람·마음의) 동요; [pl.] 성쇠, 흥망(ups and downs)
kinesthetic/:/운동 감각(성)의
synopsis/:/(글·희곡 등의) 개요
perfidy/:/배신
defunct/:/(지금은) 현존하지[행해지지/사용되지] 않는
equitable/:/공정한, 공평한
catholic/:/
chastise/:/꾸짖다
abortive/:/무산된, 유산된, 수포로 돌아간
refute/:/논박[반박]하다
pusillanimous/:/겁 많은, 겁쟁이인
apace/:/빠른 속도로, 빨리
impartial/:/공정한
enthrall/:/마음을 사로잡다
avouch/:/진실이라고 단언[언명]하다
confer/:/상의하다
acquaint/:/익히다, 숙지하다
err/:/실수를 범하다
perennial/:/(아주 오랫동안) 지속되는, 영원한; 계속 반복되는
odd-even/:/(석유 부족시의 휘발유 판매에서) 홀수·짝수 방식의
droll/:/우스꽝스러운
rhetoric/:/미사여구
enervate/:/기력을 떨어뜨리다
carnage/:/대학살
truism/:/뻔한 말[소리]
abeyance/:/(일시적) 중지, 정지
appraisal/:/(가치·업적·본질에 대한) 평가[판단]
dubiety/:/의심스러움, 불확실함
irascible/:/화를 잘 내는
sidle/:/(주저주저하듯) 옆걸음질 치다
malady/:/심각한 문제, 병폐
congregate/:/모이다
capitulate/:/(오랫동안 거부하던 것에) 굴복하다
aggrandize/:/크게 하다, 확대하다(enlarge); 과장하다
discrete/:/(같은 종류의 다른 것들과) 별개의
apocalypse/:/(세계의) 파멸
hiatus/:/(행동의) 중단
hologram/:/홀로그램(입체 사진술에 의한 입체 화상)
enervated/:/활력을 잃은, 무기력한
inhibit/:/억제[저해]하다
scheme/:/(운영) 계획, 제도
specious/:/허울만 그럴 듯한
anterior/:/앞쪽인, 앞의
canard/:/허위 보도, 유언비어
vitiate/:/(무엇의 효과를) 해치다[떨어뜨리다]
adjourn/:/(재판·회의 등을) 중단하다, 휴정[휴회]하다
ameliorate/:/개선하다
innocuous/:/악의 없는
levity/:/경솔, 경박
bellicose/:/호전적인, 싸우기 좋아하는
pseudo/:/허위의, 가짜의; 모조의
ambulatory/:/보행의
fracture/:/골절 (부위); 균열, (갈라진) 금
judiciary/:/법관[판사]들, 사법부
adage/:/속담, 격언
retrograde/:/(사태·시대 등에) 역행하는
cryptology/:/[U] 암호 작성[해독]술; 암호학, 암호 연구
invidious/:/부당한; 남의 심기를 건드릴[시샘을 받을]
commiserate/:/(화가 났거나 실망한 사람에게) 위로[동정]를 표하다
belabor/:/장황하게 논하다
ascertain/:/(옳은 정보를) 알아내다[확인하다]
mordant/:/신랄한, 통렬한
discreet/:/신중한, 조심스러운
heterogeneous/:/여러 다른 종류들로 이뤄진
cryptic/:/수수께끼 같은, 아리송한
animosity/:/반감, 적대감
knell/:/종소리 ; 조종(弔鐘)
inamorata/:/(여자) 애인
impede/:/(진행을) 지연시키다[방해하다]
accrue/:/누적되다, 축적되다
disingenuous/:/솔직하지 못한(특히 아는 것을 모른다고 하는)
antipodal/:/대척지(對蹠地)의, 지구상의 정반대 쪽의
mellifluous/:/달콤한[감미로운]
composure/:/(마음의) 평정
centigrade/:/<눈금이>  백분도 (百分度) 의 ; <온도계가> 섭씨의(Celsius) ((略 C, c., Cent., cent.))
renitent/:/저항[반대]하는; 완강히 반항하는
captivate/:/…의 마음을 사로잡다[매혹하다]
controversy/:/논란
fetter/:/(남의 자유를) 구속하다
obsequies/:/장례식
reprove/:/나무라다, 꾸짖다, 책망하다
hyperactive/:/활동 과잉의
vicarious/:/(느낌·경험이) 대리의[간접적인]
overture/:/서곡(序曲)
tinge/:/(아주 적은 색채를) 더하다[띠게 하다]
forage/:/먹이를 찾다
pedagogue/:/교사; 남을 가르치기 좋아하는 사람
judicious/:/신중한, 판단력 있는
attest/:/증명[입증]하다
malevolent/:/악의 있는, 악의적인
recalcitrant/:/(규칙·지시에) 저항[반항]하는; 다루기 힘든
adjoin/:/인접하다, 붙어 있다
recant/:/(흔히 공식적으로 신념·견해를) 철회하다
fulsome/:/(칭찬·감사·사과 등이) 지나친[진실성이 안 느껴지는]
bountiful/:/많은, 풍부한
propitious/:/(일을 하기에) 좋은[유리한]
hypodermic/:/피하 주사기
caste/:/(힌두교 사회의) 카스트[계급]
implacable/:/확고한, 바꿀 수 없는
abridge/:/(책·희곡 등을) 요약[축약]하다
preeminent/:/(…에/…가운데서) 탁월한, 발군의, 걸출한[in /among]; 우위[상위]의; 현저한.
conduct/:/(특정한 활동을) 하다
mollify/:/(사람을) 달래다[진정시키다]
arcane/:/신비로운, 불가사의한
oblique/:/(표현이) 완곡한[에두르는/간접적인]
candor/:/[U] 공평무사, 허심 탄회; 솔직, 정직; [고어] 순백; [폐어] 순수성, 순결
luminary/:/(특수 분야의) 전문가[권위자]
calumny/:/중상(하는 말)
appease/:/달래다
attenuate/:/약화시키다, 희석시키다
flambeau/:/횃불; 장식을 한 큰 촛대
eccentric/:/괴짜인, 별난, 기이한
veracity/:/진실성
insinuation/:/암시(된 내용)
intramural/:/교내의
journey/:/(특히 멀리 가는) 여행[여정/이동]
segregate/:/(사람들을 인종·종교·성별에 따라) 분리[차별]하다
propriety/:/(행동의 도덕적·사회적) 적절성
recidivism/:/상습적 범행
infuriate/:/극도로 화나게 만들다
dither/:/(결정을 못 내리고) 머무적거리다[망설이다]
inert/:/기력이 없는
epoch/:/(중요한 사건·변화들이 일어난) 시대
blithe/:/(하는 일에 대해) 태평스러운
dour/:/시무룩한
enmity/:/원한, 증오, 적대감
axiom/:/자명한 이치, 공리, 격언
benign/:/상냥한, 유순한
carnivorous/:/<동물이> 육식성의; <식물이> 식충성의
emancipate/:/(법적·정치적·사회적 제약에서) 해방시키다
rebarbative/:/매력적이 못 되는, 호감이 안 가는
homosexual/:/동성애자(보통 남자)
penury/:/극빈
imperious/:/고압적인
synchronous/:/동시 발생[존재]하는
dejected/:/실의에 빠진, 낙담한
centrist/:/중도주의자
gullible/:/남을 잘 믿는, 잘 속아 넘어가는
propitiate/:/달래다
haphazard/:/무계획적인, 되는 대로의
impugn/:/의문을 제기하다
martinet/:/(명령·규율에) 아주 엄격한 사람
incipient/:/막 시작된
foster/:/조성하다, 발전시키다
incarnation/:/(특정한 형태로 사는) 생애
recidivist/:/상습범
cosmopolitan/:/(문화의 다양성 면에서) 세계적인[국제적인]
dulcimer/:/덜시머(두 개의 나무망치로 철선을 두드려 소리를 내는 타악기)
eclectic/:/절충적인; 다방면에 걸친
laudable/:/(비록 성공하지 못한다 하더라도) 칭찬[감탄]할 만한
loquacious/:/말이 많은
prolific/:/다작하는
recumbent/:/누워 있는
craven/:/용기 없는, 비겁한
penurious/:/몹시 가난한, 극빈한
notorious/:/악명 높은
conflagration/:/큰불, 대화재
hyperbole/:/과장법
extradite/:/(범죄인을 그 관할국에) 인도하다
chock-full/:/꽉 들어찬
interloper/:/침입자
disparage/:/폄하하다
carcinogenic/:/발암성의, 암을 유발할
phlegmatic/:/침착한, 냉정한
odium/:/증오
serrated/:/톱니 모양의
perspicacious/:/명민한, 총기 있는
eulogize/:/칭송하다
melancholy/:/(장기적이고 흔히 이유를 알 수 없는) 우울감[비애]
ambient/:/주위[주변]의
claustrophobia/:/밀실 공포증; 갇혀 있는 듯한 느낌
garrulous/:/수다스러운, 말이 많은
berate/:/질책하다
binocular/:/두 눈으로 보는
celerity/:/(행동의) 민첩함, 기민함
fatuous/:/어리석은, 얼빠진
diffidence/:/[U] 자신이 없음(opp. confidence); 기가 죽음; 삼감, 수줍음(shyness)
indisputable/:/반론의 여지가 없는, 부인할 수 없는
exhort/:/열심히 권하다, 촉구하다
enigmatic/:/수수께끼 같은, 불가사의한
thrall/:/노예
atypical/:/이례적인
taciturn/:/(성격이) 뚱한[말수가 적은/무뚝뚝한]
licentious/:/음탕한, 음란한
apocryphal/:/출처가 불분명한, 사실이 아닐 듯한
reiterate/:/(이미 한 말을, 특히 강조하기 위해) 반복하다[되풀이하다]
preamble/:/(책의) 서문; (법령 따위의) 전문(前文); (말의) 서두
malicious/:/악의적인, 적의 있는
fortify/:/(특히 높은 성벽을 쌓아) 요새화하다
putrid/:/부패하는, 썩는; (썩으면서) 악취가 나는
providential/:/천우신조의
flagging/:/<정력·결심 등이> 축 늘어지는, 맥이 빠지는; 줄어드는, 쇠약해 가는
dormant/:/휴면기의, 활동[성장]을 중단한
castigate/:/크게 책망하다; 혹평하다
juvenile/:/청소년의
intimate/:/친(밀)한
erroneous/:/잘못된 (정보에 의한)
excrescence/:/(동식물에게 생긴 아주 보기 싫은) 이상 성장물[혹], 사마귀
noxious/:/유독한, 유해한
enigma/:/수수께끼 (같은 사람/것/일)
corps/:/군단, 단
careen/:/(위태롭게) 달리다
barren/:/척박한, 황량한
absolve/:/(~에 대해) 무죄임[책임 없음]을 선언하다
bewitch/:/넋을 빼놓다, 홀리다
injurious/:/손상을 주는[줄 듯한], 해로운[해로울 듯한]
strident/:/(소리가) 귀에 거슬리는[거친]
advocate/:/(공개적으로) 지지하다[옹호하다]
monochromatic/:/단색의, 단채(單彩)의; 단색성의
verity/:/진리
undertone/:/숨은 뜻[감정], 함의, 저의
stalwart/:/(특히 정당의) 충실한 일꾼[당원]
cauterize/:/(출혈이나 감염을 막기 위해 상처를) 지지다[소작하다]
concur/:/동의하다, 의견 일치를 보다
idiosyncrasy/:/특이한 성격[방식], 성벽, 별스러운 점
dial/:/(시계계기 등의) 문자반[눈금판]
obscure/:/잘 알려져 있지 않은, 무명의
percipient/:/통찰력 있는
chagrin/:/원통함, 분함
portentous/:/(특히 불길한) 전조[징후]가 되는
anthropocentric/:/인간중심주의의
venal/:/(돈에 쉽게 매수되는) 부패한
peevish/:/짜증[화]을 잘 내는
dulcified/:/<기분 등을> 상쾌[평온]하게 하다, 누그러뜨리다
cadaverous/:/죽은 사람[유령] 같은
dogmatic/:/독단적인
indubitably/:/의심할 여지없이, 틀림없이
epidemic/:/유행병, 유행성 (전염병)
hypocrite/:/위선자
bipartisan/:/양당의
abjure/:/(신념 등을 공식적으로) 포기하다
reminiscent/:/연상시키는
antedate/:/<날짜·시기·시대 등이> …보다 선행하다
pandemic/:/전국[전 세계]적인 유행병
fervid/:/열렬한
circles/:/(주의, 목적 따위를 같이하는 사람들의) 집단, ~계(界)
clamor/:/(군중 등의) 시끄러운 외침, 떠들썩함
centrifugal/:/원심(성)의
umbrage/:/분하게 여김, 불쾌, 분개
anthropology/:/인류학
excursion/:/(보통 단체로 짧게 하는) 여행
hegemony/:/헤게모니, 패권
discountenance/:/…에 언짢은 표정을 짓다, 무안을 주다; …에 찬성하지 않다, …을 승인하지 않다
reproach/:/비난, 책망, 나무람
indigenous/:/(어떤 지역) 원산의[토착의]
irritable/:/짜증을 (잘) 내는; 화가 난
paradoxical/:/역설의; 자기모순의
banal/:/지극히 평범한, 따분한, 시시한
itinerant/:/(특히 일자리를 찾아) 떠돌아다니는[순회하는]
intermittent/:/간헐적인, 간간이 일어나는
succumb/:/굴복하다, 무릎을 꿇다
inveigh/:/통렬히 비난하다, 독설을 퍼붓다, 욕설하다 ((against))
cubicle/:/(큰 방 한 쪽을 칸막이 해 만든) 좁은 방
countenance/:/얼굴 (표정)
faux pas/:/실례, 무례
altruist/:/이타주의자
arid/:/매우 건조한
chromatic/:/반음계의
compatible/:/호환이 되는
fell/:/(잉글랜드 북부 지방의) 언덕[고지]
acrimonious/:/폭언이 오가는, 험악한
enrapture/:/황홀하게 만들다, 도취시키다
optimum/:/최고[최적]의
destitute/:/극빈한, 궁핍한
aquatic/:/물속[물가]에서 자라는[사는], 수생의
ineffable/:/형언할 수 없는
querulous/:/불평하는, 짜증내는
ostensible/:/(실제로는 그렇지 않겠지만) 표면적으로는
pettish/:/심통[심술]을 부리는
encumber/:/지장을 주다
sepulchral/:/음침한; 장례식[무덤] 같은
veneration/:/[U] 존경; 숭배, 숭상
trepidation/:/(앞일에 대한 굉장한) 두려움[공포]
abstinence/:/(도덕·종교·건강상의 이유로 인한 음식·술·섹스의) 자제, 금욕
morose/:/시무룩한, 뚱한
abnegation/:/자제; 거부
unanimous/:/만장[전원]일치의
guile/:/간교한 속임수
embellish/:/장식하다, 꾸미다
indolence/:/게으름, 나태
periphrastic/:/에두르는
corpulent/:/뚱뚱한(fat이라는 단어를 피하기 위해 씀)
fratricide/:/형제[자매] 살해죄[범]
spurious/:/거짓된, 겉으로만 그럴싸한
errant/:/(행동이) 잘못된[정도를 벗어난]
burgeoning/:/<인구 등이> 급증하는; 급성장하는
quiescent/:/조용한, 잠잠한
lucid/:/명쾌한, 명료한
raillery/:/(어떤 사람에 대한 악의 없는) 농담
aphorism/:/경구(警句)
succinct/:/간단명료한, 간결한
affiliation/:/(개인의 정치·종교적) 소속[가입]
headlong/:/(머리부터) 거꾸로, 곤두박질쳐서
indoctrinate/:/(사상 등을) 주입[세뇌]하다
circumstances/:/사정, 상황
anarchy/:/무정부 상태; 난장판
vengeance/:/복수, 앙갚음
immoderate/:/과도한; 터무니없는
aberration/:/일탈; 일탈적인 행동[일]
pragmatic/:/실용적인
abrogate/:/(법령·합의 등을) 폐지하다[철폐하다]
bursar/:/(학교의) 회계 담당자
adjure/:/명하다, 요구하다
ardor/:/[UC] 열정, 정열, 열심; 열렬, 열중; [U] 작열
fugitive/:/도망자, 탈주자
prognosticate/:/(전조에 의하여) 예지하다, 예언[예상]하다, 예측하다
arson/:/방화
happily/:/행복하게; 만족스럽게
affluent/:/부유한
apprehension/:/우려, 불안
harmonious/:/사이가 좋은, 조화로운
oligarchy/:/과두제, 과두 정부
compendium/:/(특정 주제에 대한) 개요서[적요]
precipitate/:/(특히 나쁜 일을) 촉발시키다
diffuse/:/널리 퍼진, 분산된
dolorous/:/비통한; 비통해 하는
suffuse/:/(온통) 퍼지다[번지다]
ignoramus/:/무식한 사람
partisan/:/편파[당파]적인
scathing/:/(비판이) 준열한[통렬한/가차 없는]
dexterity/:/(손이나 머리를 쓰는) 재주
credulous/:/잘 믿는[속는]
adept/:/능숙한
abject/:/극도로 비참한, 절망적인
collaborate/:/협력하다, 공동으로 작업하다
gratuity/:/행하(行下), 팁
pedant/:/(특히 무엇을 배우거나 가르칠 때) 지나치게 규칙을 찾는[세세한 것에 얽매이는] 사람
dictatorial/:/독재(자)의, 독재적인
induce/:/설득하다, 유도하다
abduct/:/유괴[납치]하다
profuse/:/많은, 다량의
unstinting/:/아낌없는, 아낌없이 주는
dexterous/:/손재주가 비상한, 솜씨 좋은
breviloquent/:/[Adjective] Exhibiting breviloquence; concise.
dissipate/:/소멸되다; 소멸하다[시키다]
amorous/:/성관계를 원하는, 육욕적인 애정을 보이는
despotic/:/전제[독재]적인; 횡포한
adumbrate/:/개요를[개략적으로] 알려주다
fortissimo/:/포르티시모, 매우 세게
sinuous/:/(이동 중에 우아하게) 선회하는; 물결 모양의, 구불구불한
stoic/:/금욕주의자, 극기심이 강한 사람
dubious/:/의심하는, 미심쩍어 하는
peremptory/:/위압적인, 독단적인
mea culpa/:/메아 쿨파, 내 탓이로소이다
concentrate/:/(정신을) 집중하다[집중시키다], 전념하다
equivocal/:/모호한
acquisitive/:/소유욕[물욕]이 많은
pellucid/:/티 하나 없이 깨끗한[맑은], 투명한
centipede/:/지네
disperse/:/(이리저리) 흩어지다, 해산하다; 해산시키다
subterfuge/:/속임수
heterosexual/:/이성애자
lassitude/:/노곤함; 무기력
ardent/:/열렬한, 열정적인
chortle/:/(기쁘거나 재미있어서) 깔깔거리다
choleric/:/화를 잘 내는, 걸핏하면 화를 내는
probity/:/(완전한) 정직성
auspicious/:/상서로운
circumvent/:/(어려움이나 법 등을) 피하다[면하다]
persevere/:/인내하며[굴하지 않고] 계속하다, 인내심을 갖고 하다
aqueduct/:/송수로[교]
fable/:/우화
pedestrian/:/보행자
smorgasbord/:/스모가스보드(온갖 음식이 다양하게 나오는 뷔페식 식사)
sordid/:/비도덕적인, 부정직한, 추악한
endogamous/:/동족 결혼에 의한[에 관한]
vacillate/:/(의견·생각이 남이 볼 때 짜증스러울 정도로) 흔들리다[자꾸 바뀌다]
ring/:/전화하다, 전화를 걸다
recur/:/<사람·이야기 등이>  되돌아가다 , 회상하다, 되돌아가 말하다 ((to)); 마음에 다시 떠오르다, 회상되다
elegiac/:/애가[비가]의
evident/:/분명한, 눈에 띄는
recondite/:/많이 알려지지 않은, 잘 이해받지 못하는
subjugate/:/예속시키다, 지배[통제]하에 두다
infinitesimal/:/극미한, 극소의
aberrant/:/도리를 벗어난, 일탈적인
miserly/:/구두쇠[수전노]인
apogee/:/정점, 절정
conjugal/:/부부의, 부부 관계의
effervescent/:/열광하는, 기운이 넘치는
brevet/:/명예 진급
abhor/:/(특히 도덕적인 이유로) 혐오하다
proponent/:/(어떤 사상·행동 방침의) 지지자
pessimistic/:/비관적인; 비관주의적인
desiccate/:/건조시키다, <식품을> 물기를 빼서 건물(乾物)[가루]로 보관하다
proffer/:/(물건을 잡고) 내밀다[권하다]
pique/:/(보통 자존심이 상해서 갖게 되는) 불쾌감[언짢음]
lexicon/:/(특정 언어·분야·개인·집단에서 사용하는 모든) 어휘
ravage/:/황폐[피폐]하게 만들다, 유린[파괴]하다
antebellum/:/(특히 미국 남북) 전쟁 전의
counterfeit/:/위조의, 모조의
bacchanalian/:/흥청망청 대는, 진탕 마셔 대는
autonomy/:/자치권
disciple/:/(종교적·정치적 가르침을 따르는) 제자[신봉자]
perfidious/:/믿을[신뢰할] 수 없는
fumigate/:/훈증 소독하다
prosaic/:/평범한, 상상력이 없는
demur/:/이의를 제기하다
antidote/:/해독제
exonerate/:/무죄임[책임이 없음]을 밝혀 주다
odious/:/끔찍한, 혐오스러운
mendacity/:/거짓된 행동; 허위
bombastic/:/과장한, 허풍 떠는
antipathy/:/(강한) 반감
abnormal/:/비정상적인
fugue/:/푸가
expatiate/:/상세히 설명하다[말하다] ((on, upon))
congenital/:/선천적인
astute/:/약삭빠른, 영악한
budding/:/싹트기 시작하는; 신예의
fidelity/:/충실함
adherent/:/(정당·사상 등의) 지지자
android/:/안드로이드(인간의 모습을 한 로봇)
intemperate/:/무절제한
discursive/:/두서없는, 산만한
petulant/:/심술을 부리는, 심통 사나운
bemusing/:/멍하게 만들다, 어리벙벙하게 하다; 생각에 잠기게 하다
simper/:/바보같이[멍청하게] 웃다
confluence/:/(두 강의) 합류 지점
deft/:/날랜, 재빠른
wanton/:/(파괴·위해 행위가) 타당한 이유 없이 고의적인[악의적인]
intravenous/:/정맥으로 들어가는, 정맥 주사의
conjunction/:/접속사
salubrious/:/살기 좋은, 건강에 좋은
sojourn/:/체류
dilatory/:/미적거리는; 지체시키는
hypocritical/:/위선의, 위선(자)적인
aver/:/(사실이라고) 단언하다[주장하다]
bilious/:/곧 토할 것 같은
docile/:/유순한, 고분고분한
infringe/:/위반하다
phonetics/:/음성학
ribald/:/(우스꽝스럽게) 야한
aperture/:/(작은) 구멍
antithetic/:/대조되는; 정반대의; 대조법의, 대구(對句)의
junta/:/(쿠데타로 정권을 장악한) 군사 정부
century/:/100년
lease/:/임대차 계약
spellbind/:/주문으로 얽매다, 마법[마술]을 걸다; 매혹하다
remonstrate/:/항의[불평]하다
awry/:/(계획 등이) 빗나간[엉망이 된]
concord/:/화합
derisive/:/조롱[조소]하는
subdue/:/진압하다
falsehood/:/거짓임; 거짓말하기
respite/:/(곤경·불쾌한 일의) 일시적인 중단, 한숨 돌리기
benediction/:/축복(의 기도)
renounce/:/(직함·직책 등을 공식적으로) 포기[단념]하다, 포기를 선언하다
consanguine/:/
prognosis/:/예후(豫後)
homeostasis/:/항상성
charade/:/가식, 위장
counterpart/:/(다른 장소나 상황에서 어떤 사람·사물과 동일한 지위나 기능을 갖는) 상대, 대응 관계에 있는 사람[것]
mendacious/:/진실을 말하지 않는, 허위인
engender/:/(어떤 감정·상황을) 낳다[불러일으키다]
centrifuge/:/원심 분리기
dogma/:/(독단적인) 신조, 도그마
ration/:/(전시 같은 경우에 식품연료 등의) 배급량
clement/:/온화한
polyphony/:/다성음악, 폴리포니
enamored/:/매혹된, 홀딱 반한, 사랑에 빠진
assay/:/금속의 순도 분석, 시금
spurn/:/퇴짜 놓다, 일축하다
dudgeon/:/단검 손잡이용 목재; 그 나무 손잡이[자루].
homogeneous/:/동종[동질]의
bemused/:/어리벙벙한
philanderer/:/바람둥이 (남자)
lament/:/애통[한탄/통탄]하다
rationing/:/배급제도
cessation/:/중단, 중지
adhere/:/들러붙다, 부착되다
doleful/:/애절한
avert/:/방지하다, 피하다
fawn/:/엷은 황갈색의
orthodox/:/정통의, 전통적인
tyro/:/초보자
neophyte/:/초보자
importance/:/중요성
ersatz/:/대용[모조]품의
paradigm/:/전형적인 예[양식]
inclination/:/(…하려는) 의향[뜻]; 성향
corroborate/:/(진술·이론 등을 뒷받침하는 증거나 정보를) 제공하다, 확증[입증]하다
fledgling/:/(막 날기 시작한) 어린 새
anachronism/:/시대착오적인 사람[관습/생각]
synagogue/:/유대교 회당, 시너고그
placate/:/(화를) 달래다
libidinous/:/호색의, 육욕적인
lull/:/(활동 사이의) 잠잠한 시기, 소강상태
wasp/:/말벌
diffident/:/(자신감이 부족하여) 조심스러운, 소심한
exacerbate/:/(특히 질병·문제를) 악화시키다
bona fide/:/진실된, 진짜의
itinerary/:/여행 일정표
rescind/:/(법률·계약·결정 등을) 폐지[해지/철회]하다
doctrinaire/:/교조적인
amicable/:/우호적인, 원만한
altruistic/:/이타적인(opp. egoistic, selfish)
esurient/:/게걸스러운, 탐욕스러운(greedy)
reincarnation/:/환생
enchant/:/황홀하게[넋을 잃게] 만들다
cloister/:/(보통 성당·수도원 등의 지붕이 덮인) 회랑
belittle/:/하찮게 만들다
convalescent/:/요양[회복]의; 요양[회복] 중인
refulgent/:/환히 빛나는
tyrannical/:/폭군의, 압제적인
proselyte/:/개종자(改宗者) ((to)); 전향자, 변절자
amity/:/우호, 친선
extricate/:/(곤란한 상황에서) 해방되다[해방시키다]
interstice/:/작은 틈[공간]
endemic/:/(특정 지역·집단) 고유의, 고질적인, 풍토적인
lax/:/(일·규칙·기준 등에 대해) 느슨한[해이한]
indigent/:/궁핍한
courageous/:/용감한
aversion/:/아주 싫어함, 혐오감
laud/:/칭찬하다
laudatory/:/칭찬하는, 감탄하는
incontrovertible/:/이론[반박]의 여지가 없는
recline/:/(편안하게) 비스듬히 기대다[눕다]
abstain/:/(투표에서) 기권하다
forlorn/:/쓸쓸해 보이는
untoward/:/(보통 좋지 못한 방향으로) 뜻밖의[별다른]
infidel/:/신앙심 없는 자(진정한 종교라고 여겨지는 것을 믿지 않는 사람을 모욕적으로 가리키는 말)
discomfit/:/혼란스럽게[당황하게] 만들다
vitriolic/:/독설에 찬
mercenary/:/용병
ravaged/:/파괴된
holistic/:/전체론의
audacious/:/대담한
epithet/:/(칭찬이나 비판의 의도로 붙인) 별칭[묘사]
astonishment/:/깜짝[크게] 놀람
congruent/:/크기와 형태가 동일한, 합동의
abnegate/:/<권리 등을> 버리다; <쾌락 등을> 끊다, 자제하다
churlish/:/막된, 무례한
penultimate/:/끝에서 두 번째의
didactic/:/교훈적인
din/:/(오래 계속되는 크고 불쾌한) 소음
mishap/:/작은 사고[불행]
adulterate/:/(음식이나 음료에) 불순물을 섞다
gibe/:/놀려대다, 비웃다, 우롱하다, 조롱하다(jeer) ((at)), 웃음거리로 만들다
mordacious/:/물고 늘어지는, 무는 버릇이 있는
anomalous/:/변칙의, 이례적인
accolade/:/포상, 칭찬
vexing/:/성가신, 귀찮은; 짜증나게 하는, 애태우는
gabelle/:/세금(tax)
lethargic/:/기면(嗜眠)성[증]의; 혼수(상태)의; 무기력한, 활발하지 못한; 둔감한
mesmerize/:/최면을 걸듯 마음을 사로잡다, 완전 넋을 빼놓다
disinclination/:/내키지 않음; 열의 부족
recreant/:/용기 없는, 비겁한
baneful/:/사악한
connotation/:/함축(된 의미)
exclaim/:/소리치다, 외치다
dictum/:/격언, 금언
threnody/:/비가(悲歌), 애가(哀歌)
polity/:/정치적 조직체
cavil/:/트집을 잡다
covetous/:/탐내는, 갈망하는
meridian/:/자오선
lugubrious/:/침울한
augur/:/(상서로운 또는 상서롭지 못한) 전조[조짐]가 되다
contention/:/논쟁, 언쟁
apathy/:/무관심
pillory/:/(남들이 보는 데서) 강력히 비판하다
renege/:/(약속·합의 등을) 어기다[저버리다/취소하다]
legitimate/:/정당한, 타당한, 적당한
deferential/:/경의를 표하는, 공손한(respectful)
fractious/:/성[짜증]을 잘 내는, 괴팍한
circuitous/:/빙 돌아가는
gyrate/:/빙빙 돌다, 선회하다; (특히 신체 일부를) 빙빙 돌리다
egregious/:/지독한
encomium/:/찬사
impecunious/:/동전 한 푼 없는, 무일푼의
synonym/:/동의어, 유의어
digress/:/주제에서 벗어나다, 다른 말을 하기 시작하다